Question,Even_Further_Improved_Cleaned_Answer
请问可能是什么原因造成的,什么状态栏，你那个是鼠标的圈还是;再次重启也一样吗;鼠标的圈;对，重启了几次;wifi不能连具体指的是什么症状;状态栏点不动，点开了也没有任何WiFi选项，跟没插网卡一样，只有个飞行模式;那你的壁纸是本来就是黑的吗;壁纸没问题，就是状态栏这一行;又重启了几次，还用电脑管家扫了，再重启不知道为啥就正常了;[图片];看看设备管理器
请问it侠可以帮忙读硬盘吗？硬盘坏了想恢复原来的数据但是售后只有一个硬盘盒读取不出来，让我可以多试几个硬盘盒ಥ_ಥ,[图片];绿了之后重启;显示这个是啥情况;bios里可能要设置一下;（也可以不用管）;哥们直接continue;了;暂时没爆炸;@岑樓;@岑樓;可以晚上来工作室试试;@[IT侠]及时备份数据，善用搜索引擎;@[IT侠]及时备份数据，善用搜索引擎;谢谢！暂时找到别的地方先尝试一下，后面不行的话我再来求帮助～;摄像头又寄了，下周去push售后了;[表情];开机显示说因为页面显示问题，创建了一个临时页面文件，这种怎么做才能回到原样啊？这几天回回开机都显示这个，页面文件排列也和以前不一样;想问一问笔记本电脑连接电源，但是充电只能充到51%是什么原因;win还是mac;win10，惠普;51%后显示继续充电还是断开了;显示已接通电源;看看电源计划之类的东西;[图片]有没有可能像这个一样;我好像没这个选项[表情];现在IT侠办公室有人吗，试图来还东西;（探头探脑）;现在可能没人，建议晚上来;[图片]
请问这个点办公室还有人吗？,有;想带螺丝松了的支架来紧紧
请问是大活412吗？,是的;谢谢;麻烦问一下电脑卡在这个界面好长时间，然后一会就黑屏了是怎么回事呢，反复开机好几次都这样;[图片];驱动问题？能进安全模式吗？;似乎不可以[表情]，他现在显示未发现nvidia控制面板;刚才捣鼓了一下，他那个检测启动问题没检测出来什么，但是输完密码之后就一直卡着[表情];哦个人账号也有吗，我之前都找到;[图片];直接重装了;悲伤的故事;我觉得可以直接说不用开;@C8H17OH;*没找到;电脑绑定的账户有吧;微软账户是电脑里登录的吗;我当时可能是没找到;myaccount.microsoft.com;？;我是跟着它引导输的网址，里面有;从哪里下的密钥从哪里找吧
请问装另一个系统是一定要关掉secure boot吗？,[表情]晕;2023-06-11;21:05:57;【小白】谁见幽人独往来(1795642156);;好的谢谢;这个我好像确定是（
[图片]请问电脑一直是插电使用的，但是这两天老是充不到100%是什么情况呢。。。昨天只有97%，今天96%,全靠这台暗影精灵！我bios的安全里没找到Secure;boot哭;@谁见幽人独往来;傻逼hp;@❧鲸鱼丶飞鸟乀♡;@❧鲸鱼丶飞鸟乀♡;这是常见的正常的充电策略，95以上不会充电;好的;但是前几天又是100[表情]、;如果你在100的时候充电，就会在很长一段时间保持在100;掉到95后也会充到100;有啥比较好的旧电脑估价方法;毕业该换电脑了;闲鱼找同款;单看闲鱼没经验也不太好估;贩子传家宝价格都不准;不如搜搜淘宝二手价再乘70-90%
请问ubuntu上的调整卷大小和win里的压缩卷是相同的功能吗,
请问罗技K780键盘unify连接显示[图片]该怎么办[表情]，尝试过蓝牙连接，显示连接失败需要重新连接，网上也搜不到相关解决方法,
请问之前可以在mac上正常读写的u盘，在接入过windows电脑之后再次插入mac变成lnk后缀，无法读写，要怎么解决呀[表情]有没有好心人教教,我怎么觉得你这个症状是打印店病毒啊;虽然这么叫不太对劲，我给你推一下我们之前的推送吧;！昨天确实在大唐用过;确实;妈呀还有救吗;里面很多重要的东西;有;好的好的;我研究一下这个推文;[表情]谢谢;↑上面这篇推送，你看一眼吧，我觉得你的那个win系统的电脑估计有概率也感染了，记得确认一下;那个win的就是大唐的orz;我自己的是mac;谢谢谢谢;那问题不太大，这个病毒不影响Mac，u盘按里面的步骤做一遍或者在itxia.club挂一单都行;好的！如果我自己解决不了就再来it侠麻烦一下[表情];救回来了！！感谢！;有无同学在珠江路修过音响;[图片];求助[表情]电脑这样自动关机重启好几次了;先擦擦内存试试;那得拆电脑啊[表情]电脑小白不太敢;看看群公告吧约一单;[图片];[图片]
请问，固态硬盘,宏碁GM7000、爱国者P7000D选哪个好;[图片][图片][图片][图片];gm7000吧;P7000D装了散热马甲会不会导致后盖合不上呢，设备是机械革命蛟龙16pro[表情];好的吧，问了客户，笔记本不适合散热马甲;那我还是gm7000吧;有缓的是不是发热量会大一点;笔记本啊;gm7000可能会比较热;我也觉得;[表情]gm7000不是号称石墨烯散热吗;那还有推荐的固态吗;如果能抢到479的gm7也不错;想买好一些的，gm7000有独立缓存;笔记本好像大部分都不支持双面颗粒，更别说散热马甲了;看固态厚度，一般是2.2mm左右？;好的;你问问笔记本的客服，能支持多厚的;再看看你要买的固态的厚度;好的谢谢，我去问问;客服的回复:;固态硬盘类型NVME;M.2;2280（这种SSD硬盘的2280，是指卡式SSD硬盘的PCB板的尺寸，即长80mm，宽为22mm。）;说了等于没说;是这样;[表情]客服:废话的艺术;问客服是单面颗粒还是双面颗粒;看错了，我还以为是厚度[表情];现在4060比较不错的笔记本有哪些;[表情];预算;来问肯定是看过这个的;预算不限;8000内吧;暗影精灵9;@重装不如重买;蛟龙16pro大白龙7999;16+1TB+4060，暗影精灵9要8499
请问拼多多买固态靠谱吗，京东自营没货[表情][表情][图片],可买;会有5年质保吗;[图片];写着有[表情];@❧鲸鱼丶飞鸟乀♡;@❧鲸鱼丶飞鸟乀♡;注意手机电量（x）;[表情][表情];最终还是选择了爱国者p7000z固态[表情][图片];要是追求性价比的话就选这个;要是做系统盘追求稳定就用那几个大牌子的3.0有缓
请问为什么显示器通过hdmi连到显卡上，外放没声音呢,连接蓝牙耳机就有声音;之前这个显示器和hmdi线连在笔记本上，是可以正常外放的;今晚已经重装过显卡驱动，还是没效果;2023-06-14;2:55:10;【小白】Fibonacci(1363650301);;没事了，，，是我傻了，显示器本身没有音箱，是笔记本的声音[表情];求助[表情][表情];笔记本自带1T固态硬盘(给C盘分了99G)，剩下的装游戏装满了
因此最近买了一块新的2T固态硬盘，请问有必要给固态硬盘分区吗？分区有什么好处？,如果以后重装系统，会不会把不装系统盘的2T固态也给格式化了;分;重装系统只需要格式化你用来当系统盘的硬盘;重装不影响新2T盘是吧，明白了[表情][表情][表情];@谁见幽人独往来;分盘有什么好处呢，除了分类文件;无，那是机械硬盘时代的遗产;好的谢谢，那我就不分了;还有个问题，我把游戏下新装的2T盘，以后换电脑，拆下2T的换到新电脑，能直接玩吗;有些行有些不行;一般需要在steam或者uplay或者其他启动器里面重新配置游戏库位置;比如steam的你可以直接指定游戏库位置;steam也在这个盘呢;跟steam装在哪没关系;换到新电脑，整体文件地址都不变;那还是不行;[表情][表情]好的吧;好像确实不可以，因为它会在程序盘也存一些东西吧;不是很懂;[图片];新电脑装的steam添加一下库文件夹就行;好的，谢谢;求助，安装玩固态后出现这些页面怎么办;AliPaladin64;[图片];安装固态后没下什么东西，回来后就开始打游戏了;应该先找固态的客服
请问微信直播的视频可以扫码在手机微信中打开，但是视频的链接无论是放到手机浏览器还是电脑上都无法打开，不知道怎么解决,微信直播限定平台吧;只能在微信上看的;@❧鲸鱼丶飞鸟乀♡;@❧鲸鱼丶飞鸟乀♡;Windows10之后重装系统不会格式化系统盘，系统盘里的非系统文件都会正常保留着，甚至原来的系统文件也会不会删（Windows.old文件夹）;（会移动到Windows.old文件夹里）;2023-06-14;20:21:14;【大佬】Iori<hey_2_ke@outlook.com>;nt6;好的谢谢，但我是win11[表情];应该差不多;“之后”;电脑报错的驱动异常可能不是固态的问题。。。[图片][图片][图片];电脑莫名其妙多出了这个什么Alibaba的东西;你考虑一下有没有装什么和阿里巴巴集团有关系的软件，比如阿里旺旺、钉钉等;很早就装了优酷[表情]今天安装固态后就出了这个问题;中午玩的时候还没事，下午安了固态就出现了;问了固态客户，客服表示不懂;我现在卸载了优酷，打算把所有Alibaba的文件都删除;@❧鲸鱼丶飞鸟乀♡;@❧鲸鱼丶飞鸟乀♡;这玩意注入成驱动，然后就可以在你的电脑为所欲为了;这是我到现在对B站还比较满意的一个点（
请问一下，有什么可以让智能插座连上校园网的办法吗,自建路由器（即答）;您都搞智能插座了;还不加个路由器;校园网可以接路由器吗;[表情];why;not;我校对路由器出奇友好;放心了;谢谢您;群里有没有熟悉spss或者数据分析的小伙伴呀，;有一个关于相关性分析的问题求助，请你喝奶茶呜呜呜（不是找论文代写或者代分析，只是一个疑问，不涉及学术伦理问题，身边实在没有人会所以冒昧来求助呜呜呜）;不是骗子[表情][表情][表情]我是外院的，可以出示学生证[表情][表情][表情];什么问题;基础性的我可以看看;@萧图voyager;呜呜呜好滴！应该就是非常基础的问题;我私聊你;谢谢uu！！！;[图片]想问一下，初次打开游戏时出现这个选项，怎么知道应该选哪个呢;都试试（;先试11再12;大概率11更流畅一些;[图片];我是win11，还是用directX11吧;[图片];不是这个;@❧鲸鱼丶飞鸟乀♡;这个文章写的时候可能还没有win11（;12很底层;很吃开发人员;所以12不一定会表现更好;好的吧谢谢;2023-06-18;0:01:58;【小白】补补粽子(310277817);
请问笔记本待机cpu温度7、80度正常吗,2023-06-18;0:02:09;【小白】补补粽子(310277817);;玩游戏键盘那里都烫手;2023-06-18;0:02:15;【小白】补补粽子(310277817);;[图片];2023-06-18;0:02:28;【小白】补补粽子(310277817);;是该去清灰了吗;2023-06-18;0:22:26;【小白】好运来Pro(2802069537);;我不玩游戏电脑都烫[表情][表情];2023-06-18;0:22:52;【小白】אדני(506169680);;+1;2023-06-18;0:23:02;【小白】אדני(506169680);;不过平板应该不能清灰吧（;2023-06-18;0:29:37;【小白】【IT侠】一款吉祥物(2385349487);;@补补粽子;发热也可能有其他原因，不过可以预约一单清灰看看;2023-06-18;0:34:08;【小白】补补粽子(310277817);;ok;求问一下，电脑运行游戏的时候屏幕闪烁，是怎么回事呢？;效果是这样;[表情]有点可怕;我开hdr会这样;2023-06-19;0:20:31;风露清愁(352922898);
请问uu们，旧电脑把硬盘拆出来之后，剩下的要怎么处理呀[表情],2023-06-19;0:20:42;风露清愁(352922898);;直接扔掉感觉怪可惜的[表情];2023-06-19;0:21:37;[IT侠]及时备份数据，善用搜索引擎(3387257974);;闲鱼/南小闲卖掉;2023-06-19;0:22:30;C8H17OH(1143264710);;我是学生，送我（不是;2023-06-19;0:22:45;[IT侠]重启解决50%问题(621029858);;@一期一会;@一期一会;我超，矿;2023-06-19;0:22:54;[IT侠]重启解决50%问题(621029858);;原来你也玩岩深（bushi;2023-06-19;0:23:09;[IT侠]重启解决50%问题(621029858);;@一期一会;@一期一会;重启或者更新显卡驱动试试？;2023-06-19;0:23:19;[IT侠]重启解决50%问题(621029858);;*指重启电脑;2023-06-19;0:23:26;风露清愁(352922898);;闲鱼[表情]会不会威胁到信息安全[表情];2023-06-19;0:23:32;风露清愁(352922898);;啥也不懂[表情];2023-06-19;0:23:43;风露清愁(352922898);;这玩意真有人收？;2023-06-19;0:23:51;[IT侠]重启解决50%问题(621029858);;格掉其实;2023-06-19;0:23:56;[IT侠]重启解决50%问题(621029858);;就差不多了;2023-06-19;0:24:15;[IT侠]重启解决50%问题(621029858);;我记得好像还可以覆写乱码还是啥;2023-06-19;0:24:20;[IT侠]重启解决50%问题(621029858);;比格式化更保险一点;2023-06-19;0:24:21;C8H17OH(1143264710);;或者买个硬盘盒当移动硬盘用;2023-06-19;0:24:39;[IT侠]及时备份数据，善用搜索引擎(3387257974);;@风露清愁;你不是硬盘拆出来了吗@风露清愁;2023-06-19;0:24:40;C8H17OH(1143264710);;我个人确实不太敢卖旧手机之类的（）;2023-06-19;0:25:25;[IT侠]重启解决50%问题(621029858);;旧电脑可以挂闲鱼啊;2023-06-19;0:25:36;[IT侠]重启解决50%问题(621029858);;我还以为你是要卖旧硬盘（;2023-06-19;0:26:03;[IT侠]及时备份数据，善用搜索引擎(3387257974);;一般只要价格够低，会有垃圾佬收的;2023-06-19;0:27:21;一期一会(1252929675);;@[IT侠]重启解决50%问题;2023-06-19;0:27:44;一期一会(1252929675);;@[IT侠]重启解决50%问题;显卡驱动已经是最新的了，重启了一下，好了一些;2023-06-19;0:28:04;一期一会(1252929675);;但还是偶尔会闪，我过几天带出去修一下，谢谢佬[表情];2023-06-19;0:36:28;风露清愁(352922898);;好滴好滴谢谢大家~;2023-06-19;0:36:59;风露清愁(352922898);;所以有人要吗[表情];2023-06-19;0:37:28;风露清愁(352922898);;咱们群里[表情];2023-06-19;0:38:15;系统消息(10000);;管理员[IT侠]及时备份数据，善用搜索引擎撤回了一条成员消息;2023-06-19;0:38:25;系统消息(10000);;风露清愁撤回了一条消息，你猜猜撤回了什么。;2023-06-19;0:39:52;[IT侠]及时备份数据，善用搜索引擎(3387257974);;不提倡在本群进行二手交易;2023-06-19;0:40:20;风露清愁(352922898);;那我撤回[表情];2023-06-19;0:40:42;风露清愁(352922898);;要不你帮我撤下，超两分钟了[表情]
请问电脑屏幕会一会变暗、一会变亮怎么回事呀,[表情];大概是开了自动亮度;是不是拔过电源;几个应用的护眼模式在打架？;2023-06-19;13:26:21;【小白】好运来Pro(2802069537);;@❧鲸鱼丶飞鸟乀♡;@❧鲸鱼丶飞鸟乀♡;之前拔了充电器，它就会一直变化亮度;但是现在不拔充电器，他也是一直变亮度;问一问群友有没有人知道在哪里能换小米手机电池，现在96%-0%只能用一坤时了[表情];换手机巴;都用成这样了;要不然可以淘宝买了自己换也方便;直接去小米官方售后换呗;小米商城看;网上搜一下官方服务点就行;有服务点;[表情]谢谢带火;[图片]
请问这是什么情况,"先拔掉所有usb设备试试;尝试过拔掉键盘鼠标，拔掉主板的usb连接线，也开不了机;""SB;DEVICE"";（;美国大趋势;笔记本插电电源指示灯不亮，也充不进电。电池可以用(但剩余电量也不多了）。手边有拆机工具，有办法解决吗;先对照实验一下？（换根充电线？）;@C8H17OH;@C8H17OH;两个线都能给手机充进电，应该不是线的问题。刚刚电脑又能充进电，碰了一下线又不能充了。应该是Type-C接口充电不良了。;大家知道换个Type-C接口大概是什么价格吗;这个估计得看位置;要是在小板上的估计不贵，要是在主板上的估计得焊;我拆开看估计得焊了(17年的小米air;13);[表情];焊的话不如直接找售后了，自己动手的技术力要求和风险太高了;好的，感谢同学!"
请问联想小新的触摸板突然失灵是什么原因？甚至设备管理器的人机接口设备列表里找不到触摸板这个选项[表情],可能是触摸板损坏/掉驱动/触摸板排线接触不良
请问一下自己可以用什么办法尝试恢复吗？[表情],按F6;[图片];蓝屏了怎么办呀[表情]长按电源关机可以吗;可以的;2023-06-22;9:31:37;【小白】花斑母牛(395563699);;求助各位大佬;2023-06-22;9:31:47;【小白】花斑母牛(395563699);;台式机主机自驾运输会颠坏吗;2023-06-22;9:31:58;【小白】Vendredi(1532138492);;把显卡和机械硬盘拆下来;2023-06-22;9:32:17;【小白】花斑母牛(395563699);;然后呢;2023-06-22;9:32:31;【小白】花斑母牛(395563699);;原装包装盒我给扔了;2023-06-22;9:32:35;【小白】花斑母牛(395563699);;[表情];2023-06-22;9:32:52;【学徒】Y.G.(1143375493);;自驾其实问题不大吧，做好防护;2023-06-22;9:33:29;【小白】花斑母牛(395563699);;是不是搞点衣服防震就好了[表情];2023-06-22;9:33:57;【IT侠】_f41th(895761580);;我都直接扔后备箱;2023-06-22;9:34:01;【IT侠】_f41th(895761580);;没坏过;2023-06-22;9:34:59;【小白】花斑母牛(395563699);;屌;2023-06-22;9:35:00;【小白】花斑母牛(395563699);;多谢;你抱着也行其实;结缔组织缓冲;求助一下群里的大佬，固态硬盘插进硬盘壳电脑读取显示无权限是怎么个情况啊;[图片]
请问uu们，笔记本电脑屏幕花了能修吗，换一个(15.6寸)大概需要多少rmb呀[表情],视情况;一般几百r;不如直接买个显示屏插笔记本上;要是经常带出去当我没说;2023-06-23;7:50:59;【管理员】前仙林Geek组组长-YDJSIR(2913193412);;如果是1080p，买京东方的IPS;A-，自己动手200以内;2023-06-23;7:51:16;【管理员】前仙林Geek组组长-YDJSIR(2913193412);;触屏和玻璃瓶成本就会很高，不是的话还行的;2023-06-23;7:51:46;【管理员】前仙林Geek组组长-YDJSIR(2913193412);;原先是高刷的屏或者2k＋分辨率的屏的话除非换屏线，也要买这样的屏;总成能拆就换面板，不能拆就买总成;没过保送修看看，过了保自己修乐趣多;[图片];求助一下群大佬;刚买的鸡哥隔一段时间不操作电脑就会卡死;然后怎么操作都没用;重启了又好了;刚买的请优先考虑找客服/售后退换货;@Evanescence;鸡哥哪一款;新极光pro;哦哦[表情];这款不是风评不错嘛，建议先找找客服
请问硬盘坏了能导出数据吗,2023-06-24;9:04:25;【小白】补补粽子(310277817);;[图片];2023-06-24;9:05:13;【小白】补补粽子(310277817);;自从在学校中了病毒，就开始少文件;2023-06-24;9:05:30;【小白】补补粽子(310277817);;然后现在直接读不出来盘了;2023-06-24;9:06:04;【小白】谁见幽人独往来(1795642156);;那那，盘里的病毒应该不会传给电脑吧;2023-06-24;9:06:06;【小白】谁见幽人独往来(1795642156);;2023-06-24;9:07:34;【小白】补补粽子(310277817);;病毒已经删掉了;2023-06-24;9:07:48;【小白】补补粽子(310277817);;但是自从删掉了感觉硬盘就坏了;2023-06-24;9:08:01;【小白】补补粽子(310277817);;老是响
请问电脑可以正常开机，但是显示屏一直黑屏该怎么处理啊[表情],可能屏线松了/屏幕坏了;那这种可以去电脑火葬场修吗[表情];为什么不试试预约IT侠呢;额你确定电脑正常开机了吗;（好吧，现在考试周，约了也不一定有人接）;确定;能显示开机动画;但是开机后黑屏;鼠标指针也没有？;没有;感觉去电脑医院那边也就是重装系统;总之，个人意见是不推荐去;好的;我再看看[表情];有个问题想咨询一下，手机是华为nova6，用了三年了，现在耗电速度很快，日常使用问题不大，也没有什么性能方面的额外要求，但不时会有应用卡死未响应的情况，B站刷视频也经常会卡加载，是换块电池接着用还是说换新机更好一点;应用卡死这个换电池应该解决不了;预算足够的话换个新机器好点;当然尽量还是多考虑不要创造需求();如果要换电池的话学校周边有没有方便一点的地方，查了下官方售后得去玄武区，有点远;我2021在京东买过手机电池，同时京东会推荐换电池的手机店，当时是在南师大仙林校区地铁站附近商场换的;[图片];谢谢;不过呢，这种就是小店面，如果换坏了没有保障的[表情]最好还是去官方店;@Donut.;@Donut.;进安全模式试试（万能回答x
朋友自己攒的台式机无法开机了，不清楚具体是哪个部件出了问题，请问有推荐的维修地点吗？或者IT侠最近还有同学能接单吗？,
请问现在it侠还能接单吗[表情],能，但是不一定有人接;好的谢谢;2023-06-26;9:59:48;系统消息(1000000);;灵修加入本群。;有哪位IT侠在图书馆吗？电脑突然鼠标不听使唤了，可以紧急帮忙一下吗？多谢多谢;有人知道怎么恢复u盘数据吗？数据大小都是正常的但是打开后是空白[表情];隐藏成系统文件了？;好像是什么文件系统紊乱？;有什么办法可以修复吗？;@张beef;可以看一眼上面这篇推送，如果符合的话应该可以自己实操;好的，我试试，谢谢[表情];Late;Homo;Sapiens加入本群。;[图片]
请问用Windows字符编辑程序造的字在一次电脑没电关机之后全部消失是什么原因呀？有办法找回吗？,如果是断电前没保存多半找不回了吧|д`;);不是的，以前开关机过好多次的。;原来真的有人用这个吗）;不知道发生了什么，也许跟关机没关系。因为我还发现我输入法原来设置的双拼也变成默认的全拼了，所以也或许是搜狗输入法搞了什么幺蛾子。;@【IT侠】一款吉祥物;@【IT侠】一款吉祥物;保存过的，之前保存得好好的;或者有人知道这个是保存在什么位置吗？我重新造一遍然后再备份，这样也不用担心它下次再给我搞什么幺蛾子了。;在Windows系统中，字符编辑程序创建的字符通常保存在以下位置：;造字程序：在Windows;XP中，造字字符的信息文件EUDC.tte和EUDC.euf保存在本机Windows\Fonts文件夹下。在Windows;7中，这些文件保存在C:\Windows\Fonts文件夹下。;字符映射表：您可以通过将字符映射表复制到文本编辑器中并保存到指定的文件夹中，以便以后再次使用。;需要注意的是，这些文件在Windows资源管理器中通常是不可见的，您需要在文件资源管理器中勾选“显示所有文件和文件夹”的选项，才能看到这些文件。另外，如果您将字符保存到可移动磁盘或其他计算机上，您需要将相应的文件复制到目标计算机的相应位置，并在造字程序中进行相应的设置，以便正确地使用这些字符。;——文心一言;刚想说试试chatgpt;在哪里勾选显示所有文件呀;我选了那个显示隐藏的项目，但是找不到[表情];求助登录微软账户，要双重验证，下载Microsoft;Authenticator，但是我下载之后，;在APP上登录，又让我跳转浏览器，在浏览器上登录，浏览器上登录之后又让我下载APP;，这个死循环怎么破解;[图片];[图片];[图片];手机是国内买的安卓吗（;微软账户双重验证;邮件和手机号短信都可选;（至少你注册账户这两个必有一个;而且看情况好像有“组织需要更多信息保护账户安全”，这个微软账户是个人账户吗，还是用工作邮箱注册的工作账户;@BUG人肉排雷者;@BUG人肉排雷者;看上面邮箱地址，是学校账号（;可以考虑先看一下学校IT部门有没有相关的FAQ（;确实（但我优先认为机构账户默认也不会开两步验证，我用南大邮箱注册的工作账户也没有，是不是你自己点了什么设置两步验证。当然这也可能是组管理员的强制设置;国外大学和国内不可比啊，国外2FA挺流行的好像（;反正我自己换了苹果之后才发现MSAuth挺好用的）;2023-06-26;16:30:43;C8H17OH(1143264710);;但是缺了谷歌服务的安卓就很难用[表情];gauth也很好用;@BUG人肉排雷者;@BUG人肉排雷者;看了一下渥太华大学的网站，是总体不require;MFA，但是有些系统会require（;>;Enrol;for;Multi-Factor;Authentication;(MFA);today!;MFA;is;required;to;access;many;University;systems;and;applications.;@多下功夫成;@多下功夫成;看了你们学校的教程，结合我登录我单位账号的过程，我猜测应该是用手机扫电脑上展示的二维码而不是在手机上输账号密码（;教程：https://www.uottawa.ca/about-us/information-technology/services/security/mfa/enrol-mobile;风扇能亮
请问联想小新15换主板1280要换嘛,问题是有其他备选方案吗？;[图片][表情]目前只开了一些办公软件，温度就这么高，这正常吗;[图片]也没开大型软件;挺正常的感觉;开空调了吗;夏天多正常;[表情]没开空调，但感觉环境温度也不是很热;可能电脑觉得热();宿舍一个人我不开空调也不觉得热，但是风扇就嘎嘎转，开空调就没声了;主要是室温高散热慢;[表情]好的吧;[图片];问一下用非原装线冲iPad有什么后果嘛？;2023-06-29;15:55:50;【小白】薛定谔的皮皮虾(1359834369);;不同type;c的排线对应的引脚不同会造成什么影响吗？;2023-06-29;15:58:14;【小白】[it侠]鹿转(2408164955);;typec我没记错的话都是一样的;2023-06-29;16:35:13;【小白】幻影Hazer(331327543);;可以用命令行开关无感知认证吗;2023-06-29;18:08:07;【管理员】【IT侠】撒比~警惕旧电脑升级Win11<sakiyary19@qq.com>;有;2023-06-29;18:08:13;【管理员】【IT侠】撒比~警惕旧电脑升级Win11<sakiyary19@qq.com>;但现在在吃晚饭;2023-06-29;18:08:56;二加一等于叁<xiebaokang0131@qq.com>;60块钱收的，cpu未知，显卡好像是gtx660;2023-06-29;18:09:51;[IT侠]及时备份数据，善用搜索引擎(3387257974);;预约;2023-06-29;18:14:52;【IT】二加一等于叁<xiebaokang0131@qq.com>;有人出sata固态吗;2023-06-29;18:28:02;【IT】二加一等于叁<xiebaokang0131@qq.com>;[图片];2023-06-29;18:28:48;【IT】二加一等于叁<xiebaokang0131@qq.com>;[图片];2023-06-29;18:32:26;二加一等于叁<xiebaokang0131@qq.com>;有没有大佬帮我去闲鱼选购一下sata固态[表情][表情]水太深把握不住;有没有可能京东;2023-06-29;18:33:14;Julius(2032740872);;[图片];为什么要买二手sata;2023-06-29;18:34:38;二加一等于叁<xiebaokang0131@qq.com>;就是给我妈看电视用的，她也没啥东西要存;2023-06-29;18:35:20;二加一等于叁<xiebaokang0131@qq.com>;我老电脑上还有一个128的sata固态;2023-06-29;18:37:35;【大佬】Julius(2032740872);;虽然有些跑题;但一般父母都会有把照片导出来存的需要;你可以顺便问问;2023-06-29;19:48:58;Julius(2032740872);;@幻影Hazer;@幻影Hazer;您找到方案了吗;没有;[表情];我发个邮件问问;印度方案是换网卡或者换系统;我打算来印度的;docker跑一个浏览器登p网;@幻影Hazer;@幻影Hazer;伪造mac就行了啊;你随便搞个电脑;把自己的网口mac改成你想开无感知的电脑的mac地址;然后开无感知;再把mac改回来;2023-06-29;22:35:42;【管理员】【IT侠】撒比~警惕旧电脑升级Win11<sakiyary19@qq.com>;刚才没看到问;伪造mac需要网卡支持的，我的建议是使用ssh;-X或者browsh这样简单粗暴的方法（;虽然效果确实有点抽象（;[图片];学到了;谁知道学校联名电梯卡怎么充值吗;被困住了;地铁卡;南京市民卡？;不是;仙林校区站最西边不是有个机器可以充吗;Julius撤回了一条消息;nfc这个;能在手机上充值吗;那个直接在金陵通app或者手机钱包app就行吧;机器理论也可以，我没试过;[图片];[图片];首先肯定不是第三个;其次我不知道是不是前两个;华为钱包不能直接冲吗;@数据常备份/预约带电源/提问请上图/Minaduki;@数据常备份/预约带电源/提问请上图/Minaduki;1;才知道我手机上有这玩意;我的意思是有个app叫南京市民卡;开通不就是用这个？;@Julius;对的;是这个;我不知道，但是我的手机下载了还没登陆就能看见南大卡;数据常备份/预约带电源/提问请上图/Minaduki撤回了一条消息，并假装无事发生。;卡号打个码（;[图片];ui完全不一样;[图片];@Julius;但反正这个页面和交通卡充值毫无关系（;我大一的时候吃过亏（
请问如果在宿舍连上网线了但是没有ipv6，会是什么情况呢,[图片];test.nju.edu.cn的ipv6测速打不开，但是确实能跑到千兆网;机型是拯救者;你把网线插在哪;2023-06-30;10:50:00;系统消息(1000000);;Tao.Y❀加入本群。;[图片];谢谢，解决了;2023-06-30;16:19:14;【IT】二加一等于叁<xiebaokang0131@qq.com>;扁l的那种;我可以送你;2023-06-30;16:20:44;【IT】二加一等于叁<xiebaokang0131@qq.com>;哥，你在哪;想问一下，硬盘从一个电脑上拔下来插到另一个电脑上之后有一个文件丢了可以怎么查;2023-06-30;19:18:39;二加一等于叁<xiebaokang0131@qq.com>;开机之后，都在工作，但是键盘指示灯不亮，点del也进不去blos;2023-06-30;19:19:23;二加一等于叁<xiebaokang0131@qq.com>
我的u盘已经做好微pe了，请问一下这是怎么回事,2023-06-30;19:20:52;二加一等于叁<xiebaokang0131@qq.com>;鼠标能亮;2023-06-30;19:24:33;Julius(2032740872);;先看看有没有debug灯;另外换一下SATA的数据线;有根有问题可能会报VGA错;2023-06-30;19:27:40;二加一等于叁<xiebaokang0131@qq.com>;2023-06-30;19:28:59;二加一等于叁<xiebaokang0131@qq.com>;[图片];2023-07-07;22:29:59;【小白】要截图不要拍照更不要逆光(2867648157);;怎么一言不合就重装，你自己个人会重装系统嘛[表情];主要电脑烫的要死有点害怕;就直接重装了;现在解决了;C盘东西都没了;[表情];文件备份没;之前备份了[表情];有先见之明的[表情]
请问个问题[表情]（不是IT相关，但实在是没有其他群问了）,
[图片]游戏是刺客信条起源，请问下红圈里这个东西怎么关掉呢，进游戏也会有，好烦,冲下[表情];重;打开主板设置软件;找类似于sonar的名字;[表情]就是玩起源才有这东西;@_f41th;这个是什么;你是啥主板;如果是笔记本打开官方的设置软件;[图片];官方设置软件只有这个[图片];应该是在主板或者声卡的驱动里;这玩意叫声音雷达或者声呐;[表情]好的，我去百度搜一下，之前都没听过这个词;为什么就这游戏才会出现呢;以前玩奥德赛也不这样;因为这玩意可能是根据游戏名做适配的;起源比奥德赛早吧;可能那个时候奥德赛没出就没适配;@_f41th;谢谢谢谢，解决了;[图片]是这个声音控制软件的问题;[图片]
请问电脑经常自动蓝屏重启是什么原因[表情]刚刚重装系统了也没用,C:\Windows\Minidump下面有文件吗;有
请问有人知道这个是什么原因吗[表情],摔过嘛或者有碰到过嘛;好像没有，就突然这样了;屏幕或者屏线坏了，去找售后吧;[图片];好的;正常关机;拔掉;完事;这样对硬盘里面的资料会有影响吗？因为有看到网上说硬拔会导致里面的东西损坏或丢失，所以一直不敢拔[表情][表情][表情];关机之后是没有影响的;你不放心可以卸载掉设备;大概）;有卸载，但是卸载不掉，弹出时还是会出现这个窗口;就是卸载的时候会弹出重启，然后重启之后弹出还是出现一样的窗口;可以关机;好的好的，现在去试试;好了好了，跪谢两位大神@_f41th;@谁见幽人独往来;[图片]
请问下暑期有没有it侠服务，电脑黑屏开不了了,目前似乎还有;再过几天不好说了;不过一直都是不保证时限的;预约了不知道什么有消息，还是直接去？;预约过了是吧;我看看;嗯嗯;能看到的;刚预约;等等吧;有同学有空能做会联系你的;[表情];不过你无法开机的话;试试@遇事不决请长按电源30秒;黑屏后，我是长按关机的。现在按一下开机只有灯亮，屏幕无反应，你是说长按开机？@412前台小妹（远程）;嗯;长按看看能否开机;好的;（我不会修电脑;建议捞个别人问问[表情];没反应[表情]@412前台小妹（远程）
请问电视接了电脑主机之后，换成接电视盒子，电视机黑屏无显示是什么原因呢？,电视盒子正常;咋价格不一样，耳机也不一样;天猫校园应该是天猫自己的学生认证吧？;天猫校园送的beats，价格也比返校季更便宜;谢谢各位，我准备入256g的air;5啦;pro确实贵太多了;[图片];挺好的，我也打算给我npy买个;啥价格啊;我看返校季出来之前，全网低价大概4900多;朋友们有无教工购买的;注册要什么材料啊;教工可以啊;[表情]我现在是高中老师;之前apple叫我上传校园卡;但是没有通过;我们机构的校园卡不像大学这种把身份啥的写得很清楚;@羽歌;什么;air吗;加笔5599;比起去年涨价了;咦;太热了，有uu买苹果产品是官网选送货的吗;我这边要6518;你结账的时候会扣除笔的钱;@韦超;还是自己去取的多一点;@羽歌;哦没事了;减钱了;[图片];这个要发票吗;没事了，谢谢各位;@诚园新村三号;@诚园新村三号;其实找个认识的学弟学妹帮买下可以;唉;不过手机没有教育优惠;手机不是生产力;[图片];而且手机不给优惠每年出新机都嘎嘎卖;话说itx接迷你主机的单子吗）;详细点呢;就当作主机突然开不了机了;这样;（不是苹果吧）;不是;是按了开关后一点反应都没有那种;电源适配器经过测试没问题;什么型号;看看有没有debug灯;闲鱼入的，型号不清楚还（;反正型号不会主流就对了;这种可以直接退吧;开箱的时候录视频了吗;没）;想请教一下大家，苹果的产品更新是个什么规律呀，看到最近iPad;air5很便宜，不知道是因为每年教育优惠都这个力度，还是因为快迭代了所以降价了？;Air5很便宜么...;我今天刚买air;5;不便宜吧;我256g买了五千五;加八百就能买128的pro了;现在已经开始后悔了，不过还是不太想加这个钱，因为加了之后又会想加;感觉对我来说够用了;比去年教育优惠的时候还贵了400左右;京东把送的耳机卖了;差不多5500买PRO不带笔;2023-07-14;0:00:12;韦超(334014167);;@羽歌;所以我觉得血亏;2023-07-14;0:00:16;韦超(334014167);;去年不准备买平板;2023-07-14;0:00:19;韦超(334014167);;觉得没用;2023-07-14;0:00:32;韦超(334014167);;@Always;今年涨价了啊;2023-07-14;0:05:44;Always(1142029939);;这样啊;2023-07-14;0:05:45;Always(1142029939);;[表情][表情][表情];2023-07-14;0:05:48;Always(1142029939);;原来如此;2023-07-14;0:06:29;Always(1142029939);;当年教育优惠4100买的air3+笔，再加300能买air5，以为算便宜了[表情];2023-07-14;0:09:54;【小白】羽歌(2573793328);;我感觉现在京东Pro的价格还能接受，我21年末买的21版花了5600，现在22版5500挺好的;2023-07-14;0:13:57;【IT】Always(1142029939);;哦哦不过我如果要买的话得买支笔，这样是不是就价钱更高了;2023-07-14;0:14:34;【小白】羽歌(2573793328);;淘宝700多一支二代笔;2023-07-14;8:06:01;【小白】韦超(334014167);;官网6300;2023-07-14;8:06:05;【小白】韦超(334014167);;其实差不多;2023-07-14;8:06:21;【小白】韦超(334014167);;@羽歌;送东西吗;5900左右送beats耳机，买了差不多5500;拯救者用了两年现在总死机是什么情况;蓝屏;每次错误代码还不一样;每次错误代码不一样考虑过热死机;@_f41th;是不是该清清灰啥的@_f41th;可以先清一下，反正没坏处;呃;现在成了一锁屏超过一定时间就打不开了;也有可能是内存问题;怎么就开始深度学习了;跑网络看起来就是个子目标;别支招了（0;算了我不知道是啥任务;反正有钱任性也可以;[图片];装机对他来说就是伪需求;他就是觉得装机很好玩（;笑死;先买个装机模拟器爽爽（？）;2023-08-09;23:57:37;【小白】鼓楼最萌(247056290);;是;想买就买;先去电脑城打工，不仅能装机还能赚钱;享受买的乐趣也挺好的，只要经济支撑得起;2023-08-09;23:58:31;【小白】小黑AWM<andrew030305@qq.com>;不仅能装机还能装机;it没有那么多装机的
请问一下群里的大佬有没有笔记本型号推荐哇？家里的妹妹，没太大的需，是文科生的话，想着以后可能上网课要用，还有就是PPT之类的的，不打游戏，预算5000左右,it侠公众号龙四篇，请（）;有内鬼，居然不先推龙四篇;[表情]我有绿帽子，小心说话;对不起，我是青少年模式;什么帽子都没有;2023-08-26;18:09:58;【小白】【IT侠】要截图不要拍照更不要逆光(2867648157);;水四篇听着就水;it侠公众号水四篇，请（这合理吗）;听上去像是请人写稿子;@电脑进水不要开机！！！;群友让你再水四篇;好的好的，感谢uu！;[图片];@DON'T;PANIC（已毕业）;@DON'T;PANIC（已毕业）;我都水了三篇了;有人问要不要买平板的话推牙三篇好吗;[图片];拒绝;[图片];不看;有一颗散热器螺丝拧不动[图片];换大一号的十字花螺丝刀试试？小心滑丝
想请问下iPad连接了妙控键盘后，打开QQ某些群聊会闪退可以怎么解决按照客服说的卸载重新下载之后还是这个问题,typec呢;是全功能的吗;17年的机子，有一个C口但只测试过接硬盘;搜了下好像可以;感谢;那买个c转hdmi或dp线就行;不过17年的机型真有全功能吗（;说不定是雷雳呢（）;联想r720;可能会带dp1.2的;看贴吧说是可以接dp;2023-08-27;0:42:57;【小白】匿名(2037897167);;英伟达最新的显卡驱动一直没办法安装，这个是因为啥啊，一直卡在准备安装上面，但是不装好像又打不了2077;2023-08-27;0:43:24;【前辈】[IT侠]BUG人肉排雷者(1586608241);;（哪买的显卡;2023-08-27;0:43:24;【小白】匿名(2037897167);;如果卸载旧的打游戏就像PPT，新的又装不上，是注定打不了了吗（）;2023-08-27;0:43:30;【前辈】[IT侠]BUG人肉排雷者(1586608241);;（什么时候的显卡;2023-08-27;0:43:36;【小白】匿名(2037897167);;就联想拯救者y7000的;2023-08-27;0:43:50;【小白】匿名(2037897167);;我不太懂（）;2023-08-27;0:43:55;【前辈】[IT侠]BUG人肉排雷者(1586608241);;（怎么和锁驱动的矿卡一个表现;2023-08-27;0:44:29;【前辈】[IT侠]BUG人肉排雷者(1586608241);;试试先用DDU完全卸载原来的驱动;2023-08-27;0:44:43;【前辈】[IT侠]BUG人肉排雷者(1586608241);;再装一个不是最新的，旧一两个版本的驱动;2023-08-27;0:45:09;【小白】匿名(2037897167);;我看那个安装列表显示的是现在这个版本就是最新版本的前一个;2023-08-27;0:45:12;【小白】匿名(2037897167);;ddu是什么捏;2023-08-27;0:45:48;【前辈】[IT侠]BUG人肉排雷者(1586608241);;可以尝试回退前一个版本;2023-08-27;0:46:36;【小白】匿名(2037897167);;有没有什么好的途径找前版本的驱动，我只有联想自带的驱动修复和GeForce;game;ready（）;2023-08-27;0:46:55;【小白】匿名(2037897167);;真的啥也不懂就破打游戏……;2023-08-27;0:52:06;【IT侠】DON'T;PANIC（已毕业）(1695711472);;@匿名;@匿名;display;driver;uninstaller;2023-08-27;0:52:32;【小白】匿名(2037897167);;谢谢;2023-08-27;0:52:39;【前辈】[IT侠]BUG人肉排雷者(1586608241);;使用cn.bing.com并且切换到英文版，然后输入NVIDIA;driver，找到里面网址后缀为nvidia.com的网页;2023-08-27;0:53:17;【前辈】[IT侠]BUG人肉排雷者(1586608241);;再选择符合你的硬件版本的驱动;2023-08-27;0:54:05;【小白】匿名(2037897167);;好，谢谢你;好的了解;都是老掉牙的货了，早清完了;这个不算很老吧;12代性价比还是很高的;u应该还有;但是也不可能搭一个这样的配置给你，别人又不会买;以及用3090注意一下机箱放置;狭小空间会很热很热;还是租个服务器吧;类似于一个点暖炉;便宜且方便;电暖炉;租服务器多少钱啊;一块4090一个月1400;左右;不用4090吧;租个拉一点的显卡;是要跑什么模型啊;也不可能一年到头跑吧;RNN和DNN;简单的cnn+mlp的话;batch;size小一点可以用低端卡来跑的;是要投入生产/论文的模型;还是应对课程的模型;做研究;看预算多少了;research的话我个人还是建议local;@出10700f+z490+内存+各种风扇;@出10700f+z490+内存+各种风扇;算这个吧;了解;因为你得一直改一直变;数据也会一直变;remote的话有种种不方便;2023-09-04;0:39:55;[IT侠]BUG人肉排雷者(1586608241);;research建议老板出钱;2023-09-04;0:40:02;[IT侠]BUG人肉排雷者(1586608241);;在办公室干;2023-09-04;0:40:11;[IT侠]BUG人肉排雷者(1586608241);;千万别带资科研（;新人报到，问题是今天起Excel不能正常打开，打开任何文件后立刻崩溃。启动程序后新建文件没有问题。尝试通过重启系统以及卸载与更改程序修复未能成功。第一个打开失败的文件是桌面上前几天编辑过的一个文件，但是更早的文件（2021年）同样无法正常打开。;可以尝试重装office;2023-09-04;15:34:42;2762952602(2762952602);;[图片];这边两个选项点过了，没啥用;2023-09-04;15:56:40;2762952602(2762952602);;情况好了一点;这次未响应了一段时间;然后崩溃;卸载重装过了吗（;有重装过;2023-09-04;15:58:02;【大佬】Iori<hey_2_ke@outlook.com>;[图片];（不一定是excel的问题，有可能是你的excel文件的问题;比如你存的excel数据过大，把内存整爆了;确实可以换WPS试试，作为;1.控制变量;2.应急解决;以前都没问题;至于彻底解决…Office;app很难修啊（）;;2023-09-04;15:59:43;【大佬】Iori<hey_2_ke@outlook.com>;很难卸载干净主要是;;2023-09-04;15:59:43;【IT】C8H17OH(1143264710);;@C8H17OH;另一种应急解决方法是用Office网页版;word没问题，excel换很多文件都崩溃;@Iori;重装Windows（不是@Iori;另外ITSC是不是给了Office的卸载清理工具？总之试着尽可能清理一下再装比较好;在清理了;已经在怀疑是不是玩原神玩的事情了;现在修复了，谢谢群友;不过激活掉了，我再想想办法;解决了…点一下弹窗中间“开始”就可以了;新人报道[表情]我电脑的触控板最近不太灵敏，可能之前点两次能打开的软件，现在需要点好几次，触控板反应比较迟钝，求一个解决方法;[图片];@gymbag;@gymbag;看你用来干嘛;非原厂的顶级4.0盘还有gm7000;打游戏什么的肯定不行;建议能装就装;装一下不是很花时间;性价比也好;@[it侠]鹿转;@[it侠]鹿转;这个确实可以;性价比也挺高;okok;谢谢各位;[图片];[图片]难道学校买的adobe不能用了？;好像要重新注册;去itsc网站正版软件-Adobe有说明;我觉得盗版比正版好用;注销了，重新激活，没用[表情];问个问题;在商务本轻薄本里;7840hs和13500h更推荐哪个;价格一样的;2023-09-05;19:50:14;【小白】[BOT]ITXIA(1271390215);;看打游戏还是办公;2023-09-05;19:56:03;【小白】追求性价比在闲鱼买电子产品其实还可以(2573793328);;办公;就是计算机专业;@Davidfan;有没有人解决过这个问题[表情];找itsc;谢谢
请问鼠标键盘出问题了咋办，具体表现为按键功能错乱，比如esc打开了win，字母键变成了F系列，鼠标单击打开了浏览器收藏夹里的所有网页重启一开始正常，之后又复原。没有开异常的软件。,联想老毛病;无解;外接的蓝牙键盘可以重置一下键盘的出厂设置;不是联想;其他品牌我不确定;我之前用联想大概一个月会给我来一次;@记得补考离散;@记得补考离散;键盘鼠标都有问题，我试试;或者驱动卸载重装一下;@记得补考离散;@记得补考离散;谢谢，键盘恢复后鼠标也正常了[表情];2023-09-06;9:49:37;【小白】Sylvia(2328556802);
请问安装学校购买的adobe illustrator的时候出现这样报错怎么办[表情][图片],[图片];2023-09-06;9:49:55;【小白】Sylvia(2328556802);;网络是没有问题的;2023-09-06;9:53:32;【IT】C8H17OH(1143264710);;左转ITSC群？;要不直接Adobe官网下最新版本的得了，只要登个邮箱还是能用（;学校的adobe全家桶我记得一直有问题啊[表情];害我用vposy（）;@C8H17OH;@C8H17OH;满了吧，又扩容了？;@追求性价比在闲鱼买电子产品其实还可以;@追求性价比在闲鱼买电子产品其实还可以;当然要装啊……;不然你的机箱就是个信号屏蔽的铁盒子;突然就懂了;谢谢;@Lucky;@Lucky;这个文件看着好奇怪……正常来说在虚拟机上面装linux就是下载虚拟机软件;下载镜像这两个东西;下载的应该只有exe和iso两种？为啥会有个7z;@Tommy;@Tommy;压缩包文件吧？;就是说很奇怪;按理来说不应该需要压缩包;virtualbox应该是可以用iso镜像装系统的;我比较建议你在镜像站上面重新下一个来装，就不用担心[表情];确实有点怪，但是朋友可以安全下载并且解压，我的会有拦截，而且刚刚试了换成vmware版本的也可以成功，就不知道是哪里的问题了[表情]（谢谢你的建议嘞[表情];报毒只是windows认为有毒;如果你知道你在做什么可以不管（;好滴好滴[表情];为什么我用插线校园网，怎么都打不开win11的安装程序，改用校园网wifi就可以了;这是什么玄学;[图片];不知道，上个学期计科某课程网站也是如此;想给游戏本买个充电宝，大家有没有什么推荐的;游戏本断电性能-40%;不建议购买;这种甚至有烧主板的风险;slgg[表情][表情];2023-09-07;17:41:44;【大佬】Iori<hey_2_ke@outlook.com>;游戏本还带充电宝（;看看PD充电？;游戏本基本上没戏，能买来用，但作用不大;通常游戏本充电功率都远大于;100W，240W;可能都不够，何况;240W;PD;也没铺开;户外电源;发电机;[图片];便携聚变堆;iPad没法联校园网是怎么回事呀;联热点启用了无感知认证;再联校园网就自动禁用了，，，;你怎么做到连热点启用无感知的……;手机热点，，;手机连着校园网？;对;这样开无感知大概率是不能work的;或者说为什么要这样开无感知（;平板不是能联网吗;你手机先进p网把平板无感知关了吧;然后正常走联网无感知的流程;杏火加入本群。;好啦！连上了;感谢it侠[表情];想问问这个该怎么处理，还能装在D盘吗，谢谢[表情][图片];可以试试改一下文件夹权限;有可能放在某个文件夹下就可以了？;@[IT侠]提醒关代理小助手;@[IT侠]提醒关代理小助手;这个刚刚试过了，不行;@[IT侠]及时备份数据，善用搜索引擎;@[IT侠]及时备份数据，善用搜索引擎;这个该怎么处理呀;搜一下报错就知道了;原来如此，谢谢！;[嗨];求助;今晚it侠有人嘛;有问题走预约哦
请问，除了u盘，还有什么方法可以把一台台式电脑上的软件和文件复制到另一台台式电脑上对应位置吗,软件用U盘也办不到吧，除非是绿色软件;可以系统迁移;等你新电脑到了预约吧;不过我们一般不上门，你要把电脑搬过来;（仅主机？）;工作室有很多显示器可以用[表情];好滴谢谢;我是不是要搬两个主机;对;好谢谢;其实可以拆两个盘下来;不会拆
我想问一下我的mac地址不知道为什么一直是88：88：88：88：87：88但是之前一直没注意，这学期大二搬过来我发现有个人的mac和我撞了，现在就是我们两个上网好像冲突了，请问这种情况要怎么办啊,2023-09-17;21:50:51;【管理员】【IT侠】撒比~警惕旧电脑升级Win11<sakiyary19@qq.com>;这个事情我碰到过;改mac是不是要下什么软件;2023-09-17;21:57:41;2854774057(2854774057);;[图片]是这个吗;2023-09-17;22:00:37;2854774057(2854774057);;值是随便改吗;2023-09-17;23:24:47;【小白】NeoTheHero(1457001877);;小概率事件;好的谢谢;@【IT侠】撒比~警惕旧电脑升级Win11;@【IT侠】撒比~警惕旧电脑升级Win11;什么现身说法;2023-09-18;9:50:26;【小白】她倾、他城(3080689485);;笔记本电池灯一直亮橙色灯，已经开不了机了，应该咋办呀[表情][表情];插电;橙色灯就是没电了;@她倾、他城;@她倾、他城;看一下闪烁频率;几长几短
请问it侠能帮忙安装一下笔记本电脑显示屏吗,不太能;行;可以约一单看看;有的还是能换的;水龙会出手;[图片];@[IT侠]水龙;@[IT侠]水龙;好那我等等看;谢啦
请问yoga14s突然找不到相机了怎么办呀[图片],看一下有没有物理开关，检查一下驱动;联想一直是有物理开关的好像;联想线下客服说yoga14s经常发生摄像头线短路的问题，也可以留意一下;找不到摄像机的驱动[图片];@丷虫鸭丷;@丷虫鸭丷;短路是要去修吗;我是摄像头短路引起屏幕频闪，去把摄像头线直接拆掉了，如何维修我不清楚欸~;好的谢谢;2023-09-18;19:16:18;【小白】东八区区花<wenzihan0730@foxmail.com>
请问这是什么情况哇[表情],2023-09-18;19:18:49;【IT】‭‭(1796389814);;这个感觉得预约了去现场排查一下;2023-09-18;19:19:20;【IT】‭‭(1796389814);;如果你会进高级启动可以进去看看闪不闪，不闪卸载一下更新;;2023-09-18;19:19:33;【小白】东八区区花<wenzihan0730@foxmail.com>
明天急用电脑 请问现在能来吗[表情],2023-09-18;19:19:57;【小白】412前台小妹（远程）(948001371);;先预约;怎么是boot;manager，这两天没摔到吧;[惊吓]请使用最新版手机QQ体验新功能;2023-09-18;19:31:59;【小白】东八区区花<wenzihan0730@foxmail.com>;2023-09-18;19:33:41;【小白】412前台小妹（远程）(948001371);;@东八区区花;有同学联系你了，看一眼短信;想问下it侠今天有空接单嘛～（昨天已经去预约了）;2023-09-19;9:30:07;【小白】412前台小妹（远程）(948001371);;@_;这个问题涉及到拆屏幕;因为我们并不是每个同学都会拆屏幕;而会拆屏幕的同学尚没有主动接单;所以我们还在讨论解决方案;2023-09-19;9:31:34;【小白】412前台小妹（远程）(948001371);;IT侠的同学都是自愿接单的;所以对于一些少部分人才会解决的问题可能会慢一些;2023-09-19;9:35:15;【小白】_(1589422141);;嗷好～;2023-09-19;9:35:16;【小白】_(1589422141);;谢谢;2023-09-19;10:43:29;【小白】Bobo_alcazar(506169680);
@[IT侠]及时备份数据，善用搜索引擎 想请问下有没有预编译的发布,2023-09-19;10:43:39;【小白】Bobo_alcazar(506169680);;还是只能自己编译来用;2023-09-19;10:43:50;【小白】Bobo_alcazar(506169680);;啊，好的，我看看;看到了，抱歉抱歉。;看来是我GitHub不太熟悉，我以为这里没显示就是没有release[图片]
诶请问这个开源实现和原来的版本区别在哪里呢,2023-09-19;10:51:22;【管理员】【IT侠】撒比~警惕旧电脑升级Win11<sakiyary19@qq.com>;无后门;不会出现部分网络问题;对linux支持好;明白了，感谢;[图片]
请问这就算是连上了吗？,[图片];似乎仍无法连上知网;2023-09-19;11:17:51;【管理员】[IT侠]及时备份数据，善用搜索引擎(3387257974);;我建议直接去问作者;@【IT侠】撒比~警惕旧电脑升级Win11;这样吗
@[IT侠]及时备份数据，善用搜索引擎 请问可以介绍一下吗（,不知道作者在不在群里;你都找到github页面了，提issue或者去看看他主页上有没有留邮箱，博客之类的;2023-09-19;11:36:18;【前辈】[IT侠]BUG人肉排雷者(1586608241);;他没开浏览器插件吧;@[IT侠]及时备份数据，善用搜索引擎;@[IT侠]及时备份数据，善用搜索引擎;好的;谢谢！;一直打开不了wifi是为啥[图片];可以搜一下err_proxy这个报错;好;哦我知道了我的梯子没关;我想问一下，戴尔笔记本开机一直黑屏，而且充电提示灯黄白交替闪烁，这是什么怎么了？;@尘埃;看看闪烁的规律;2-4;反正先预约吧;嗯嗯;您好，我已经预约了@412前台小妹（兼职）;什么时候可以来修;[图片];电脑一打开就是这个界面;请耐心等待同学联系;[图片];哦哦哦;@--;掉盘了;@出10700f+z490+内存+各种风扇;那还能修吗？;把笔记本后盖打开搞紧一点;或者换个槽位;如果都不行可能是硬盘坏了;得要换个;小几百块;哦哦哦;好的
请问vscode用ssh连不上远程服务器，具体报错是Bad owner or permissions on C:\\Users\\\345\260\217\350\201\252\347\202\271\347\202\271\345\244\264/.ssh/config应该咋办啊，网上找了各种解决办法都没用,改权限;.ssh文件夹的权限吗;ssh配置文件应该是只能当前用户可读;改了还是不行[表情];@30;话说我这个用户目录后面的一串数字是什么;@30;你用了中文目录吧;还真是;[表情][表情];但是中文名应该不影响ssh啊;不影响;但是显示的时候会显示汉字的编码;[表情]了解了;宿舍里的NJU-WLAN手机连接可以上p网，电脑连接进p网却显示dns查找不到，这该怎么办呀[表情];2023-09-19;22:28:28;【前辈】[IT侠]BUG人肉排雷者(1586608241);;又是什么膜法;2023-09-19;22:29:13;【管理员】【IT侠】撒比~警惕旧电脑升级Win11<sakiyary19@qq.com>;呢喃官方dns啊;njuwifi是不是有无线隔离;想把宿舍主机当服务器用只能内网穿透？;@【IT侠】撒比~警惕旧电脑升级Win11;@【IT侠】撒比~警惕旧电脑升级Win11;感激[表情][表情][表情];2023-09-20;9:11:31;系统消息(10000);;【IT侠】撒比~警惕旧电脑升级Win11的消息被设为了精华消息;芒鹿文化15951893232加入本群。;问问电脑网络能用（可以发消息）但是网页打不开是怎么回事啊;[图片];你可以搜索一下报错;err_proxy;感谢，解决了
请问一下有备用电脑可以申请嘛[表情]流程是什么样的,预约;暴风雨后加入本群。;已经预约了[表情]是等检修之后就可以嘛;已经有同学联系你了，修的时候和他沟通就可以了;好的谢谢！;;2023-09-20;19:50:15;【小白】东八区区花<wenzihan0730@foxmail.com>
请问安装seafile的时候出现这种情况怎么处理呢[表情],2023-09-20;19:51:26;【管理员】[IT侠]及时备份数据，善用搜索引擎(3387257974);;装别的地方去;2023-09-20;21:01:07;X.(1075720850);
请问要换硬盘的话应该如何选购呢,首先考虑容量;固态最近涨价了好像;@X.;@X.;预算容量;用途;再确定你要买啥;噢噢！;就是日常用;看看文献啥的;预算1000以内[图片];多少容量;1000可以买p44pro;2t;或者sn850x;2t;1000随便买都够了吧我猜;@hello，时饱饱;@hello，时饱饱;错啦，还有三星990pro呢;[图片];我上个月在pdd买的p44pro;2t;差不多950;不过建议你先查查你电脑支不支持pcie4.0;p44pro的话有点热我记得;笔记本可能sn850x好一点吧
@记得补考离散 @记得补考离散 请问是这个嘛~[图片],我建议pc005[表情]就一个盘的话;对;好的！谢谢大家;[图片];[图片];三星还是别考虑了，太贵了;@数据常备份/预约带电源/提问请上图/Minaduki;@数据常备份/预约带电源/提问请上图/Minaduki;这个里面rc20和p44Pro都不适合笔记本，温度压不住;确实如此;宏碁那个gm7也不错;当系统盘还是原厂吧;副盘倒是随便买;两边际加入本群。;犀焰加入本群。
请问u盘被同学借过去在实验室电脑上拷文件，正常弹出之后再使用，发现文件全没了，u盘名字也变成可移动磁盘了,这种情况能把丢失文件全恢复吗。。。;以及有什么推荐的数据恢复软件/方法吗;2023-09-20;23:17:36;【IT侠】撒比~警惕旧电脑升级Win11<sakiyary19@qq.com>;等一个可靠的方案;2023-09-20;23:17:50;犀焰(1137716625);;omg;我现在插进电脑才发现的问题;2023-09-20;23:18:16;犀焰(1137716625);;好;[图片];这个不像是中毒像是直接寄了吧;啊啊啊？;我记得我实验课旁边的人好像也遇到过这种情况;找专业的吧;如果不是很重要的话;干脆不要了;专业的非常贵;有没有可能是插到实验室电脑上自动格式化了;大概会贵到什么程度;没有，因为我用过两次是好的;更有可能是无法恢复;有比较多的实验数据
我还是倾向于修复。。。请问有什么专业途径推荐吗,不能去实验室再拷一遍吗
请问重装系统后edge同步一直显示正在设置同步怎么办呀,[图片];刚刚在412修了的那台华硕电脑;又出现蓝屏了，咋弄呢
呜呜救命，我刚刚不小心把一杯水泼在电脑上了，然后赶紧关了机倒扣过来倒出来了一点水，请问然后需要怎么办呀？,"2023-09-21;22:47:50;【IT侠】撒比~警惕旧电脑升级Win11<sakiyary19@qq.com>;明天来工作室;2023-09-21;22:49:52;风露清愁(352922898);;好的好的，谢谢！;[图片];没重要的东西可以直接重装系统，或者是把重要东西备份出来后重装;超出能力范围;有个u盘就行;网上一堆傻瓜教程;写的很详细的;一步一步跟着做就行;不如找同學;一般是桌面，還有那些在user底下的文件(download,;pictures等)，qq和微信的聊天記錄那些先遷去其他盤，不然重裝就沒了;…淘宝的话，我觉得不如干脆360（;虽然是流氓，至少也算个黑帮教父）;我也是C盤滿了，前兩天直接格式化重裝;@新一仔;@新一仔;重装的话所有软件都需要重新下载吗;或者试着约IT侠吧;也就十來個軟件;先截個圖就行;@C8H17OH;虽然迄今没有IT侠的同学出现，我不知道我这样建议好不好（）;其他的用到再裝;不過我大部分軟件裝在D盤，所以影響不大;可以;预约吧;不过不保证时效哦;感觉最近工作室很忙;[图片];或许有朋友知道怎么把回收站右击这个图标去掉;吗;@好运来Pro;@好运来Pro;你这是装的啥软件加了这个菜单项;搜了搜好像是WPS;啊？;UI风格确实像（;那G是什么的开头）;要么是卸了这个软件；如果单纯删菜单项，得改注册表，具体百度吧（）"
请问412还有人吗，我在那落了点东西，应该是一袋梨…,
请问一下装ubuntu的时候选择try or install ubuntu之后，卡在机器品牌logo无法安装可能是什么原因呢，机器是暗影精灵9slim,[图片]一直卡在这个界面，风扇在转;可能只是单纯你做启动盘的U盘太慢了或者那个接口不好;[图片];2023-09-23;14:26:08;【小白】[IT侠];张致远（小白）(2765206099);;[表情];@Poised;想来就预约;觉得没必要就不用预约了;预约也许可以获得一些心理上的安慰;2023-09-23;15:22:49;【IT侠】撒比~警惕旧电脑升级Win11<sakiyary19@qq.com>;来的话我就直奔工作室了;2023-09-23;15:23:31;(643280193);;如果电脑灰太多了;可以预约吗;2023-09-23;15:23:57;(643280193);;（虽然我已经约了）;我约的是周二周三，但是我觉得周末是最合适的;2023-09-23;15:50:46;Poised(2597912359);;抱歉我已经到售后店了;他们联系我让我立刻过去;快进到换主板2000块;啊这;这是无奈之举吗;官方店要恰饭的嘛;我一个cs同学让我晾一星期;不用电吹风;有时候给你的维修报价甚至可以买一个整机二手;没事，多半晾完一星期之后还是得去维修店，最后一看价格还是得买台新的;他这个大概率已经坏了，再晾也没用;你这个主板烧了凉不凉没区别;你如果就倒了10ml还能晾;hdmi线存在超频这一说吗;2023-09-23;18:14:50;记得补考离散(1664262451);;啥叫hdmi超频;我的线一开始连显示器只有2k60hz，然后我分辨率调到1080p之后可以调成144hz了，我再调回2k居然能继续144hz;我有点担心会不会出问题。。。;虽然使用起来好像没异常;不知道从哪翻出来的;电脑触控鼠标能动但是点不了东西是怎么回事;而且正常的时候是不是就有风扇的声音，现在充电都充满了，也没有风扇的声音;2023-09-23;21:33:08;【小白】[it侠]鹿转(2408164955);;复活了，但是没完全活;[表情]毕竟进水量不少）;他说fortunately主板没坏;当时也帮我拆开擦干，吹干水分;在店里确实是可以使用;结果回来又有小毛病
xdm 我昨天玩apex死机了，就按什么都没反应也退不出桌面，我就尝试机箱重启，重启后就发现机箱有反应，但是屏幕没反应，键盘也不亮。请问大神们这是什么情况？[表情],密客炸的;“让他们重启”;是不是机箱里面哪里接触不良或事电压不够？;我也不懂;就没有物理上的移动震动啥的;应该不会突然接触不良;应该没有物理移动过;就怪apex;md！;不妨再重启试试;还真是;Apex真不行;我试过所有断电再重启;发现好了，后面过了一会儿又屏幕又灭了;;2023-09-24;12:46:57;【小白】♚♂Owl╰☆♚<futurestar.fs@qq.com>
请问小米11ProCPU虚焊，想保数据有办法吗[表情][表情],直接找售后;2023-09-24;13:19:19;【小白】[it侠]鹿转(2408164955);;不可能给你单换cpu的;2023-09-24;13:20:12;【IT侠】出10700f+z490+内存+各种风扇(895761580);;手机的cpu都是焊死的;没有例外;2023-09-24;13:20:35;【IT侠】出10700f+z490+内存+各种风扇(895761580);;如果想花小钱解决可以去找第三方;同时风险自负;至于保数据也要问售后;2023-09-24;13:24:36;【小白】♚♂Owl╰☆♚<futurestar.fs@qq.com>;大致了解情况了，谢谢大家~
请问重装系统可以找it侠吗,可以，预约;在系统上发了几次都显示预约不成功;看看错误代码;截图看看呢;[图片];ok;收到;好像确实炸了[表情];@biu;似乎好啦;再试试呢;预约成功啦，谢谢～;（;啊原来是克苏鲁啊（装傻;[图片];它要干嘛[表情];给你播放NJU校歌;妈呀;@Bobo_alcazar;你是文院的麼;是;從你的字体看出来了;那個请字;[表情];一般文字學的人較鍾情靑字;是;从“丹”嘛;哈哈
请问电脑接显示器麦克风就特别糊，不接麦克风就没问题，这种情况怎么解决,耳机是直接接的电脑上
请问电脑下方任务栏不显示图标怎么解决啊[表情],[图片];是刚开机吗？;是的，重启了很多次;今天白天就不行;我的也这样[表情];你这个看上去是;surface？;是的;我的也是[表情];不过我启动后等大概十分钟就会慢慢加载出来;那我等等吧;浏览了匡亚明学院网站后电脑寄了;起因是匡院网有个下拉菜单，鼠标移上去后一直闪，关掉浏览器还在闪，重启电脑也不行;还会把鼠标自动移到左下角;网页真的有这个能力吗（;匡院tql;2023-09-29;12:22:19;【小白】墨鱼<liule95@qq.com>;[打call]请使用最新版手机QQ体验新功能;@Hronrad;v個匡院網頁看看實力（）;dii.nju.edu.cn/main.htm;哦哦好的;不過没能復現出来;@新一仔;感觉得看型号和怎么个不灵法，有的情况可能需要你自己买一个小板替换？;[图片];@【IT侠】一款吉祥物;@【IT侠】一款吉祥物;是這種類型的。插進去都是外放的。需要旋轉很多次可能才行;基本上已經壞了;怎么耳机还要前戏的;[图片];我還是買個外置的就好了;拆机看出来如果是在小板上可以换;还有如果你c口闲置的话买个c转3.5的那种专门做这种小尾巴dac的厂的可能音质会好一点（;好的我今晚拆出来looklook;[图片];我用adobe;acrobat;的ocr扫描功能处理一个由照片组成的pdf文档，处理之后没有什么变化。但我把文档导出成图片时出现了一张原图一张增强的图像;所以后面那张是adobe处理过的吗;如果是的话，在adobe上怎样找到呀？;还有就是adobe导出图片有时候会导得有点奇怪;[图片];像这种;是什么原因呀;hi;可以借一套蓝牙键盘鼠标么[表情];我们有的蓝牙键鼠应该都是社员的私人财产;我猜不行;好的！[表情]
请问设备硬件出现致命错误，导致请求失败,是要怎么解决呢;是物理原因吗;解决了;在网上装了个雷蛇老版本驱动，现在一开机内存就一直涨，然后就爆了提示task;manage未响应;是不是装到病毒了;2023-10-01;0:31:32;【管理员】[IT侠]水龙(1968307502);;听起来很离谱;但是对于硬件/外设厂商写的驱动来说大概是很正常的是;2023-10-01;0:33:24;【管理员】[IT侠]水龙(1968307502);;前几天我看到的一个是华硕的键盘按某个键会发送poweroff;导致linux系统关机（;问一下电脑总会突然蓝屏报错怎么办啊;需要具体问题具体分析的;如果有蓝屏的图片会更好判断;薛定谔的皮皮虾撤回了一条消息;[图片];就是这种;烛火加入本群。;@薛定谔的皮皮虾;@薛定谔的皮皮虾;加一！我也来问问，今天一上午已经出现两次了;[图片];可以预约试试;@[IT侠]及时备份数据，善用搜索引擎;@[IT侠]及时备份数据，善用搜索引擎;好的谢谢
请问怎么能用上可靠的gpt？目前也不知道怎么在tb买TT,有梯子但是不知道怎么能用上;[图片];用梯子上GPT官网;淘宝十块钱买个账号就可以了;可以试一下国内的一些镜像站;geek;gpt之类的;@追求性价比在闲鱼买电子产品其实还可以;@追求性价比在闲鱼买电子产品其实还可以;求推TT;淘宝把查找页面封掉了;@[IT侠]及时备份数据，善用搜索引擎;@[IT侠]及时备份数据，善用搜索引擎;我百度了镜像站，怎么都登不上去的样子;后面再讨论就要撤回禁言了吧;https://chat1.geekgpt.org;不建议在这里讨论代理问题;好的明白，谢谢！;不知道这么严重;群公告第一条并且指定发给新成员的;嗯嗯了解了，谢谢提醒;澄加入本群。;有;好好，谢谢;@_;现在在工作室;[图片];那我现在过来好了;[图片];✓;我拿到了;谢谢;[图片];[图片];@[IT侠]重启解决50%问题;@[IT侠]重启解决50%问题;第几代最好用呀;捞捞有无人帮忙看看linux虚拟机无法启动的问题[表情];预约;@246;@246;一代;便宜好用;三代纯纯骗钱;二代和一代基本上就重量轻一点;但是多200块;最大的痛点还是micro;usb;苹果换typec加了一两千;罗技换typec加两百不过分吧;M42w;推荐一下;@Vendredi;@Vendredi;确实;不过双十一估计不到300;还是香的;@记得补考离散;谢谢哥;[图片]
请问怎么和预约接单的同学联系,预约系统上已经接单三天了但是没有人联系我;我去问问（;稍等，我看一眼;想问下电脑屏幕撕了个膜之后变成这样还有救吗[图片];这是胶留在上面了？;我还以为屏幕坏掉了要使劲擦吗;这是把液晶屏的偏振膜撕了？;[图片]看着有点瘆人;@Bobo_alcazar;@Bobo_alcazar;苹果电脑自带的吗，我记得是之前自己贴的呀;噢噢，那就没事儿了，擦干净就好了。;确定是玻璃屏就没事儿。
请问D盘变成这样子了可以恢复吗[图片],得看看具体是什么问题;是没有办法点进去吗[表情];是的;[图片]
请问有大佬分享下dell g15 5511的充电方案吗,每天背大砖头有点累了;换轻薄本;续航调好了半天肯定没问题;网卡的;去对应品牌官网下载;现在是去找另外一台电脑，从联想官网里面下载一个网卡驱动，是要装在一个空的U盘里面吗？;不用空u盘;是个u盘就行;或者手机下载一个;然后用线传到电脑上;好，我先试试
请问硬盘灯亮着但是在笔记本上无法显示是什么问题呀,[图片];显卡这种问题能修吗（）;不好说;[图片];[图片];你找对版本了吗
请问宿舍的网络玩游戏时会丢包要怎么排查呢,2023-10-10;9:40:40;【小白】记得补考离散(1664262451);;这是校园网问题吧;2023-10-10;9:40:48;【小白】记得补考离散(1664262451);;或者马服特色;2023-10-10;9:41:00;【小白】重装不如重买(2655764382);;啥游戏;2023-10-10;9:41:06;【小白】Fibonacci(1363650301);;lol和瓦[表情][表情];2023-10-10;9:41:18;【小白】记得补考离散(1664262451);;那就是马服特色;2023-10-10;9:41:23;【小白】重装不如重买(2655764382);;还真是;2023-10-10;9:41:25;【小白】记得补考离散(1664262451);;而且校园网本身延迟就不低;2023-10-10;9:41:40;【小白】记得补考离散(1664262451);;没超过80延迟就算正常;2023-10-10;9:42:23;【小白】Fibonacci(1363650301);;lol右上角延迟一直稳定在35左右，但是每过一两秒就会丢包导致人物瞬移;2023-10-10;9:42:35;【小白】记得补考离散(1664262451);;正常;2023-10-10;9:42:48;【小白】记得补考离散(1664262451);;你试试换网线别连wifi;2023-10-10;9:42:52;【小白】重装不如重买(2655764382);;确实;2023-10-10;9:42:54;【小白】记得补考离散(1664262451);;可能会好一点;2023-10-10;9:42:58;【小白】重装不如重买(2655764382);;网线质量还可以;2023-10-10;9:43:08;【小白】Fibonacci(1363650301);;好的，我试试看
笔记本电脑进水晾干一周后能正常使用，但是屏幕有黄色板块和水纹，请问还能好嘛,[图片]
请问c盘内存不足1G了该咋整,@宣纸墨;预约吧;好滴;谢谢
请问电脑连不上校园网是怎么回事啊，手机连的好好的,[图片];电脑显示的是这个页面，连手机热点也没有问题，就是登不了校园网;@醒目露露;刚刚看到群公告里的语雀文档，已经处理好啦;我也遇到了;edge打不开;但是qq浏览器就能打开;少游加入本群。;Stacey加入本群。;Agave加入本群。;Wine灬Wither加入本群。;昵称不能为空加入本群。;辰加入本群。;瞫蓂加入本群。;[图片];[图片];电脑蓝屏了;是要等它自动重启吗;可以手动）;好;长按;[表情]太久不关机会导致蓝屏吗;半个月没关机了;不知道为啥会蓝屏;查查错误代码，或者重启后找dump);OK;但到现在还没学会分析dump[表情];看着像是内存炸了）;之前有一次代码的内存泄露给我整蓝屏了）;有可能;刚才在debug;[图片];这应该意思是memory的问题吧;@Late;Homo;Sapiens;捞捞;[表情];什么叫“只显示一部份区域”;这个真的不是缩放倍数的问题吗;就是它有个框框;然后只能看框里的;缩放之后那个框还在;哦等下;我好像发现这样也不影响我看;那没事了;[图片]
请问今天it侠们有时间吗，在仙林，和室友想预约清灰,@李;预约的话走预约系统即可～;一台电脑约一单哦;预约了，但还没回复;今天可以吗;那先等回复吧;好的;2023-10-12;18:19:28;Sowa;Minerwy(948001371);;@Nicholas;预约吧;2023-10-12;18:20:14;助教;刘斯宇<a824703398@qq.com>;谢谢;问下，换硅脂的时候把硅脂弄到主板上了咋办（;[表情];把主板一起换了（）;不存在的;擦呗;还能咋办;[图片];还好不是液金;擦呗(;ﾟ∀。)7;用棉签嘛;啥电脑;笔记本的擦擦就行;电脑的要是进主板针脚座里了拿洗板水或者精密电子溶解洗;溶剂;2023-10-13;8:12:11;【小白】薛定谔的皮皮虾(1359834369);;有同学会装屏幕嘛电脑屏幕坏了，买了个替换屏;2023-10-13;8:18:30;【小白】幻影Hazer(331327543);;可以预约it侠;哇;废物本废加入本群。;2023-10-14;9:44:42;从前从前╰﹀(1050436038);
电脑出现这个报错，开机就在响，请问该怎么办呀[图片],2023-10-14;9:54:09;[IT侠]及时备份数据，善用搜索引擎(3387257974);;看起来有个风扇坏了;2023-10-14;9:55:13;系统消息(1000000);;我恁爹加入本群。;2023-10-14;9:58:27;从前从前╰﹀(1050436038);;这得换了吗;2023-10-14;9:58:34;[IT侠]及时备份数据，善用搜索引擎(3387257974);;对;IT侠可以帮忙换吗[表情];可以换;[图片];就在今晚，欢迎大家前来[表情];Y加入本群。;2023-10-14;16:26:39;【小白】[IT侠]提醒关代理小助手(2795805763);;截图看看报错;看一眼edge具体显示的什么;2023-10-14;16:27:43;1561691000<yang1561691000@qq.com>;[图片];2023-10-14;16:31:48;【小白】【IT侠】一款吉祥物(2385349487);;检查一下可能，设置→网络→代理→关闭？;2023-10-14;16:33:49;1561691000<yang1561691000@qq.com>;进B站正常，其他网站不行;2023-10-14;16:53:30;【IT侠】一款吉祥物(2385349487);;友情提示：如有想去逸B205听蒋老师的分享的同学，可从B区（逸夫楼靠近仙一教学楼一侧）进入并由右手边楼梯上2楼后，参考以下路线到达对应教室。;[图片];最稳的就是买个sata固态;还得报批吗;有几个选择;[图片];是的;1;买个1t的;机械整个不用;全迁移到新固态上;2;买个256/512的;系统迁移到固态上;部分数据保留在机械上;这个要看你现在c盘吃了多少;C盘现在，总的518，还剩370;那买个256的也行;方法2的话要主板供电线那还留着一个sata供电和sata数据口;刚刚给忘了;反正你一定要知道能加什么的话可以预约拿过来拆开来看看;OKOK;[图片]
请问笔记本电脑触摸板双指滑动仍然没法滑动电脑页面是什么情况呀？单击是可以的[表情],去windows设置里找找有没有开关;好滴，谢谢！;2023-10-17;8:01:11;2834813743(2834813743);
请问校园网账号被冻结是什么情况呀,2023-10-17;8:01:29;【管理员】电脑进水不要开机！！！(928861918);;校园网寄了;2023-10-17;8:01:46;【管理员】电脑进水不要开机！！！(928861918);;认证服务器出问题了;2023-10-17;8:03:13;2834813743(2834813743);;那是不是用不了了现在;2023-10-17;8:03:19;2834813743(2834813743);;要等他好吗;2023-10-17;8:21:15;【管理员】电脑进水不要开机！！！(928861918);;等呗，好像有的地方也能用了;2023-10-17;8:30:11;【小白】幻影Hazer(331327543);;信息化中心的人说现在是排障期，不用p站认证也能上网;2023-10-17;8:32:44;2834813743(2834813743);;密码变成身份证了，好像能用了;2023-10-17;8:34:09;【小白】訫(2840976713);
@沛意天下 @沛意天下 请问是p2. nju.edu.cn嘛，昨天还上得去，今天好像不行,2023-10-17;8:37:52;2834813743(2834813743);;好像上不去;转自escience中心;心如止水的老司机加入本群。;主板有2个m2硬盘位，想加个512g的硬盘，it侠有无推荐;可以咬咬牙多加点，2T也不太贵了（;问了是2280长度
你好it侠，我的mac电池鼓包了，请问提供电池更换服务吗[表情],加硬盘尽量1t起步吧;2t性价比最高;1t和512没差多少;太多用不完啊[表情];一般就差100;qq;微信;怎么用不完;用的很快的;建议等等;等用完了再后悔才麻烦（;现在固态价格高点;我手机就1tb内存了[表情];512现在200左右？;1t也300不到;[图片];那就上个1t的？;过几天双11区间再买;好捏;so;1t有无推荐;pcie3.0还是pcie4，0;@心如止水的老司机;你买好对应型号预约可换;@记得补考离散;@记得补考离散;这个在哪可以看（;台式的话查一下主板型号;建议看看3.0的就行了;笔记本建议问一下客服;用不出来区别的;4.0买了反正也能向下兼容;好滴
@[IT侠]水龙 嗯嗯好的，谢谢啦，请问电池有推荐的不@[IT侠]水龙,大动的非原厂的;@[IT侠]水龙;那确实;双11能降到400吗[表情];pdd上多少钱;470左右;现在双十一都感觉没啥优惠了;咸鱼能到420左右;@心如止水的老司机;@心如止水的老司机;可以的;请自备新电池;@DON'T;PANIC（已毕业）;好的好的，谢谢@DON'T;PANIC（已毕业）;@[IT侠]水龙;@[IT侠]水龙;rc20发热有点太多了吧;还有p44pro也挺热的;3.0的话sn570也还可以;笔记本可以把rc20排除，其他盘都不错;谢邀;笔记本上现在就装着RC20;[图片];pc005用着还不错，而且便宜;pc005适合买512的;1t的不如买tiplus5000;我买的1t的;512的也买了;三星的东西性价比有点低感觉;毕竟是高端厂
@DON'T PANIC（已毕业） 弱弱的问一下，请问提供苹果电脑键盘更换服务吗？,您问他是人在THU想找科服吗（;[图片];it侠这么厉害了吗;2023-10-17;18:24:40;【IT侠】DON'T;PANIC（已毕业）(1695711472);;很难;这个有点难度吧;好的，谢谢。到时候我预约看看，请你们看看是否可以一试？修不好就报废
请问大家，华为电脑（可触屏）最近屏幕指针会忽然抽风自己到处点，屏幕擦了膜撕掉了也没有用，会是什么原因呢[表情]貌似是触控板旁边的地方如果被压了就会触发,好像也没有特定情况，就是随时都有可能抽风，只不过有被压的情况尤其容易抽）;会有可能是你触控板出问题了吗，试过禁用触控板吗（;试了一下，不是触控板的问题）;唔把触摸屏关掉了，好像可以了，但是还有没有可能抢救一下;具体情况不清楚，您可以试试预约一下看看;是不是屏幕上有水;没完全干;2023-10-18;0:06:09;Ayermo(1421886187);;预约没有回复可以直接抱着电脑去it侠工位吗[表情];2023-10-18;0:15:48;【IT侠】一款吉祥物(2385349487);;[图片];2023-10-18;0:15:52;【IT侠】一款吉祥物(2385349487);;别啊;2023-10-18;0:16:06;【IT侠】一款吉祥物(2385349487);;而且我们那个不叫工位;2023-10-18;0:36:30;[IT侠]及时备份数据，善用搜索引擎(3387257974);;@Ayermo;@Ayermo;看起来有同学已经接单了，等他联系你;2023-10-18;1:23:38;Ayermo(1421886187);;好滴！;2023-10-18;5:50:05;系统消息(1000000);;太阳熊加入本群。;2023-10-18;9:35:00;偷走一年光(643280193);
请问一下,2023-10-18;9:35:10;偷走一年光(643280193);;如果开机没开什么程序;2023-10-18;9:35:24;偷走一年光(643280193);;但是磁盘占用率就几乎100%了;2023-10-18;9:35:31;偷走一年光(643280193);;这个是要怎么解决呀;推测是机械硬盘，可以考虑换掉了;[图片]
请问一下学校邮箱有没有查看对方是否已读的方式？谢谢,发送时勾选“需要回执”;沈迢加入本群。;再请教一下，我上次去装内存条的时候it侠同学告诉我两个内存条组成双通道会更好一些
请问这个怎么看能不能组成双通道呀,有地方装两个内存条就能组双通道;但是基本上所有的主板都最少有两个内存插槽;还有就是硬盘和主板要有什么匹配的吗，还是只要接口能对上就行;啊上次那个同学和我说需要某个编号相近来着;现在的话;这只是保证内存兼容性;能对上就行;是否双通只和主板内存插槽布线有关;哦哦好的;@偷走一年光;那这个呢;笔记本双槽插满就是双通;台式四槽A1A2，B1B2一对一对插也是双通;对上基本协议就没问题;OK了解了;然后内存型号不同的话最终生效频率按多条中能支持的最低频率来看;台式机显卡驱动异常装也装不上咋整啊;是显卡坏了吗;重启试试;重启完了也装不上;[图片];深海吟鱼加入本群。
请问笔记本触摸板坏了是不是主要是驱动问题还是什么问题呀,这都有可能吧;好的好的，谢谢同学！
请问我想重装一下Win11系统怎么办,预约;要找谁预约呢;itxia.club;可以看一眼群公告（;好的;名侦探柯基撤回了一条消息，你猜猜撤回了什么。;打扰一下大家，想问一下电脑打不开ChatGPT是怎么回事。;电脑浏览器没问题（其他网站和外网能打开）梯子也没问题（在手机上可以打开ChatGPT）电脑上打开ChatGPT显示的是;err_connection_closed[表情]好诡异啊啊;很正常吧，我有时候也打不开，第二天就好了
我想请问一下，我昨天预约之后，没有同学联系我，这是需要等多久呢,"@|˄·͈༝·͈˄₎.｡oO;@|˄·͈༝·͈˄₎.｡oO;哦这样子吗（）那我再等等[表情];@偷走一年光;不好意思，具体的等待时间很难说，要根据单子难度以及擅长对应方面的社员的空闲时间来看;OK没事，我先线上咨询;游戏本对多久关一次机有要求吗（）;这有什么要求，想关就关;要是觉得有问题，可以重启解决90%问题（确信）;彳亍;内存条购买一般有什么要求吗;正规渠道(京东自营等)，正经品牌，剩下的根据容量和频率随便买就行了;看好板子和cpu支持的频率上限，明确自己的需求，预算;频率在哪里看呀;你把你的主板和CPU配置发出来;你是院里发的主机吗;群友帮你看;你办公用的话随买个3200的都够了;@记得补考离散;@记得补考离散;附议;@电脑进水不要开机！！！;@电脑进水不要开机！！！;是的吧;设备名称;DESKTOP-BBNS666;处理器;Intel(R);Core(TM);i5-9500;CPU;@;3.00GHz;3.00;GHz;机带;RAM;8.00;GB;(7.79;GB;可用);设备;ID;47D4ABB0-9E6C-403E-9B65-31DE66148827;产品;ID;00342-35816-26038-AAOEM;系统类型;64;位操作系统,;基于;x64;的处理器;笔和触控;没有可用于此显示器的笔或触控输入;@记得补考离散;OK@记得补考离散;9代i5买2666的就行;草，好像是和我发到的同款垃圾主机(bushi);这配置好熟悉（;[表情][表情];我前天也才发过;@记得补考离散;@记得补考离散;3200是xmp标准，给品牌整机用智能识别到2133/2400;奥，这么拉啊;那用ddr3就行了;买2666的条基本上都是jedec标准，还便宜;我不知道有支持ddr3的lga1151处理器;2023-10-19;16:21:41;[IT侠]水龙(1968307502);;你不是预约了吗;等预约单有人接单线下给你拆开来看了就有答案了……;[图片];前几天才买了两条这玩意，给品牌机用够了;类似的普条基本可以闭眼买，反正内存终身质保;能不能教教我怎么在d4的槽里插d3;能不能教教我怎么在d4的槽里插d3;@[IT侠]水龙;@[IT侠]水龙;我老师已经在催我给她发京东截图了;双十一也没到呢;组里能报的那就无所谓了其实（;能报的多少米没区别吧;还是有的吧，第一次报我也不敢弄得太浮夸;这种频率的内存很便宜;没事的，报销都是小事;2023-10-19;16:56:57;偷走一年光(643280193);;@DON'T;PANIC（已毕业）;我都只敢报8G的;但买散件是不一定能报销的，要看组内报销政策，因为资产处一般规定1000以上才能做成固定资产做审核，因此有的组怕公费私用会规定凑1000以上的件达到做固定资产的标准;买两个16老师可能会觉得我在办公室里玩3A大作;这个意思是要捡贵的买吗[表情];但也有的组因为1000以上要强制做固定资产，审核很麻烦反而更提倡这种硬件限额1000以下地买;有点难绷了;你这电脑打个3a给我看看;所以报销政策得找你们组的RA问清;;2023-10-19;16:59:12;Iori<hey_2_ke@outlook.com>;[图片];;2023-10-19;16:59:12;幻影Hazer(331327543);;能流畅运行office三件套都不错了;（）;2023-10-19;16:59:26;Iori<hey_2_ke@outlook.com>;好歹也是个9代i5;你能运行QQ吗，能运行QQ就是能运行3A（;虚幻五是吧;@[IT侠]BUG人肉排雷者;@[IT侠]BUG人肉排雷者;我们是这样的;2023-10-19;17:01:24;DON'T;PANIC（已毕业）(1695711472);;所以前不久趁着4T固态999的时候买了（;[图片];@DON'T;PANIC（已毕业）;有水平的;买两个16没问题吧;加起来也就200多;两台电脑，要买四个;柚之加入本群。;少游撤回了一条消息;tiplus;5000;350;1t值得买吗;正在用;用了小一年没什么问题"
MacBook 刚刚关的时候屏幕被数据线压花了，买了不到一年但是没有ac，请问怎么修比较好呀,大概还是找官方售后，MacBook的维修步骤比较繁琐，社员能接的概率不算太高，只能作为低预期方案（;尝试走店保（看过外屏没坏，给保的案例），不行再看你需求，对屏幕要求比较高的话走官方付费维修，比较低随便找个维修店;@少游;@少游;小贵，可以等等;反正双11快了;想买就买;双十一不一定会降价;不好说，反正就这么几天了，等等也没啥吧;[图片];笑死;这两个月固态确实涨价厉害;好的，谢谢二位！！@【IT侠】一款吉祥物;@好好睡觉;电脑电量耗尽后重新充电开机，发现键盘失灵可能是什么原因呀[表情];外星人x14，之前也有过这种情况，忘了最后怎么好的;怎么个失灵法，部分键按不出来？之前出现这种情况的时候也是耗电完毕吗;外星人;要不直接找售后吧（（;售后呀;外星人应该有全智服务的;可以上门的;2023-10-20;1:13:30;系统消息(1000000);;白念加入本群。;[图片];怎么放电呢;要拆机吗;B站有教程;担心的话就去itxia挂个单吧;[图片];重装了一下驱动解决了;感谢;好像是因为很久没更新;没事;我以为你已经刷过驱动了才来问的;我的我的;[图片];电脑的电源适配器好像坏了（因为用别人的似乎能充上），这个it侠能修吗（）;[图片];如果确定是电源适配器坏了的话不能;不能;不过想要拿过来确定问题还是可以的;工作室电源线挺多的
好谢谢，那请问中午工作室有同学在吗，以及我可以直接过来吗我有点急[表情][表情],有没有人在不好说[表情];最好还是不要直接过来吧;可以在预约系统里写你比较着急;好谢谢！;2023-10-23;9:37:50;【小白】当归（闭关版）(3214793385);;有uu知道怎么在colab里装python3.6的环境吗;刚问问这个[表情][图片];有没有uu遇到过;推荐用conda管理不同版本的python;校园卡怎么充啊？显示无此客户信息;请咨询itsc;估计是上一次事故后遗症吧;@[IT侠]及时备份数据，善用搜索引擎;@[IT侠]及时备份数据，善用搜索引擎;colab里面好像用conda挺麻烦的[表情];@当归（闭关版）;colab的Python不是预先定义的吗;如果我后面来迁移系统的话;是不是现在要先把电脑里的数据保存一下;可以;过来之后叫接单的同学来搞也可以;[图片];就是有很多软件要重装比较麻烦;还是建议先备份;2023-10-23;18:26:06;【小白】Sowa;Minerwy(948001371);;预约吧;360都处理不了的木马，估计也没多少人能处理了（）;建议重装（;[图片]
请问华为p30昨晚开始一直反复重启，有时进入系统后用一会儿就又重启了，甚至进入系统恢复模式，这种情况该怎么办呢,找客服;好的，我先问问;@Fibonacci;@Fibonacci;经典CPU虚焊;如果里面东西备份了的话，直接找客服花二百多块钱修一下就行了;你也可以看看CPU调度，确认一下是不是虚焊;手机上怎么查看cpu调度呢
请问预约以后一周内会收到短信吗,@电脑小白;应该会的;也可以催催;好的[表情];[图片];问一下这种华为备份文件怎么批量删除后缀啊;让gpt给你写个代码;@[IT侠]水龙;有道理;powertoys);powerrename;隶属于powertoys;[图片];落花似人加入本群。;能换就好;看着磕碜;嗯;如果愿意自己买个好壳;it侠大概也能把壳装上吧;但是刚买的还是先去官方;[图片];求助;最近电脑在校外开机使用然后带到校内就找不到网络，之前没有这个问题，现在每次都要重启才能找到校园网;[图片];好像有这种情况;我都是关闭无线网重新打开就连上了;无线网在哪里关闭呀？;我在外面确实是插了网线;求助;[图片];PI;N忘记了;戴尔电脑;想起来了;没事了;[图片];想问一下dx11现在怎么下载;这东西不是Windows自带的吗[表情];刚才玩游戏报错显示没了;我记得有个专门补dll的软件之类的;https://www.microsoft.com/en-us/download/details.aspx?id=17431;这是11的下载;好的谢谢
请问联想电脑突然黑屏但是键盘还亮着光风扇在运行，这是主板又又坏了吗,
请问华为笔记本蓝屏一直显示电脑无法正常启动要怎么处理,[图片]这个自己可能解决不了;2023-10-26;1:09:27;【小白】当归（闭关版）(3214793385);;有没有uu在colab里面成功用了tensorboard[表情];2023-10-26;1:54:51;【IT】二加一等于叁<xiebaokang0131@qq.com>;[图片];2023-10-26;1:55:19;【IT】二加一等于叁<xiebaokang0131@qq.com>;有哪位大佬能给我说一下这是怎么回事，本来还能用，突然就不行了，卸载重装也不行;2023-10-26;8:09:09;【小白】偷走一年光(643280193);
[表情][表情]请问有同学能接单了吗,2023-10-26;8:09:17;【小白】偷走一年光(643280193);;我周一就预约了;2023-10-26;8:57:46;【管理员】[IT侠]及时备份数据，善用搜索引擎(3387257974);;@偷走一年光;应该有同学接单了，但是还没联系你@偷走一年光;2023-10-26;9:07:47;【小白】偷走一年光(643280193);;没事没事，已经有同学联系我了;可以，现在断电别再用了，我们可以拆开晾着;@天光破云;我们明天尽量早点给您解决;好的，谢谢;先预约吧;2023-10-28;8:57:04;【小白】贝塔，贝塔，我是舒克(312485744);
想请问这周初预约了现在还没有被接单[表情][表情][表情],2023-10-28;9:02:52;【小白】[IT侠]香菜(2783747909);;是哪一单呢？;2023-10-28;9:08:43;【小白】贝塔，贝塔，我是舒克(312485744);;电池充不上电[表情][表情][表情];2023-10-28;9:10:37;【小白】[IT侠]香菜(2783747909);;你今天上午有空吗;2023-10-28;9:14:31;【小白】重装不如重买(2655764382);;@浮光;@浮光;我好像就是局域网共享文件夹;2023-10-28;9:14:39;【小白】重装不如重买(2655764382);;协议不太懂讷;2023-10-28;9:20:15;【小白】五年红薯干(1204139878);;windows系统那个就是smb;学校把端口屏蔽了;2023-10-28;9:20:32;【小白】五年红薯干(1204139878);;如果是在你自己的一个路由器下是可以的;2023-10-28;9:22:01;【小白】重装不如重买(2655764382);;哦！那可能我们实验室用的路由器;2023-10-28;9:22:05;【小白】重装不如重买(2655764382);;没考虑这么多;2023-10-28;9:26:15;【小白】[IT侠]香菜(2783747909);;@贝塔，贝塔，我是舒克;我看了后台，你似乎已经把自己的预约单取消了。你要不再检查一下？;2023-10-28;9:42:31;【小白】贝塔，贝塔，我是舒克(312485744);;我是取消了一次，但我又预约了一下，难道没有预约成功嘛？[表情][表情][表情];2023-10-28;9:43:58;【小白】[IT侠]香菜(2783747909);;似乎没有;2023-10-28;9:44:58;【小白】贝塔，贝塔，我是舒克(312485744);;好得;我再约下;2023-10-28;9:46:17;【小白】贝塔，贝塔，我是舒克(312485744);;约好啦！
请问电脑设备管理器里没有NVIDIA应该怎么安装呀,
想请问it侠可以看手机的问题嘛？,具体讲讲呢;是涉及硬件的问题吗;突然开不了机了黑屏了;可能是主板的问题;确定是主板问题的话应该修不了;（电脑的主板问题我们也没法解决啊;主板问题的话尽快找售后;好的好的，谢谢大家！;[图片]
请问这个问题怎么处理，手机的照片没办法传到电脑,似乎是没给文件权限;应该是的，但是我在设置找不到搁哪授权[表情];这是通过“我的手机”连接的吗（好奇;时臣加入本群。;大家有啥单核性能比较强的游戏本推荐吗，预算7000r，主要打p社游戏;要素齐全[表情][表情];先预约;预约了已经;有无用机械革命的uu[表情]想换电脑了，不知道有没有uu可以分享一下感受;极光PRO离电很卡，CPU频率低;@[IT侠]水龙;升级bios之后会变好，但是续航只剩一小时了;想买旷世16pro这款;@追求性价比在闲鱼买电子产品其实还可以;续航无所谓;我不太会保养，之前的商务本续航都被我干到一个小时了，基本都得插电用;旷世我记得就是极光PROMAX？;[图片];这个;可以加点钱买大白龙吧
请问手机上显示校园网已停用是什么意思呢,[图片];而且电脑也连不上;姑且先看看网费？;[图片];网费余额还是有的;不会只有电子楼是这个情况吧，寝室里面可以连;正确的;在升级网络;哦哦原来如此;2023-10-30;0:01:28;1328179486(1328179486);
请问换硅脂清灰可以找it侠吗,2023-10-30;0:08:24;【小白】摘星星烤月亮(2930545200);;可以;2023-10-30;0:09:31;1328179486(1328179486);
已预约 请问需不需要自己购买硅脂带去 还是说那边有备用的我只要付钱就行,2023-10-30;0:10:43;【小白】[IT侠];张致远（小白）(2765206099);;不用付钱;2023-10-30;0:10:49;【小白】Sowa;Minerwy(948001371);;不用自己买硅脂;亦不用付钱;2023-10-30;1:09:20;【IT侠】DON'T;PANIC（已毕业）(1695711472);;如果觉得it侠提供的硅脂不满意，当然是可以自己购买的;2023-10-30;1:09:38;【IT侠】DON'T;PANIC（已毕业）(1695711472);;众所周知免费提供的硅脂比牙膏好那么一点x;2023-10-30;8:09:25;【小白】幻影Hazer(331327543);;好好好，下次带液金去（确信）;2023-10-30;8:26:34;【小白】记得补考离散(1664262451);;有点好奇it侠提供的硅脂型号;2023-10-30;8:27:10;【小白】记得补考离散(1664262451);;@幻影Hazer;@幻影Hazer;主板:我想死的心都有了;2023-10-30;8:44:43;1223076040(1223076040);
请问孩子的预约有人帮忙看看嘛？实在有点急[表情],2023-10-30;8:51:24;3590168307(3590168307);;同求[表情][表情];2023-10-30;9:01:24;【管理员】[IT侠]及时备份数据，善用搜索引擎(3387257974);;抱歉，临近期中，可能社员都比较忙;2023-10-30;9:10:37;【小白】少游(2260105330);;it侠可以帮装固态吗;2023-10-30;9:22:55;【小白】幻影Hazer(331327543);;可以的;it侠可以修U盘吗？金属外壳被压扁了可以复原吗？;这个可能没办法;好吧谢谢;@记得补考离散;@记得补考离散;想多开几个模型训练;奥;那频率不是没多大所谓;感觉没必要追求极致;但是也别太扣;真的会同时开几个模型训练吗;[图片];这样的话，可能直接用组里服务器会好点?;组里服务器用的人比较多;[表情]也有可能是搞单机分布式;是因为最近ddl要到了;还有不少实验要做;it侠可以帮组装主机吗？;@[IT侠]水龙;速来;[表情]连装多台是吧;@[IT侠]水龙;一台[表情];能不能搞十一个非积木风扇的主机来装;没，这位已经接了一单[表情];[图片];要求理线整洁漂亮;@[IT侠]水龙;速来;还真是;理线整洁好看;[图片];不开玩笑了（;装机是肯定没问题的;在系统上预约一下就好了，会有同学联系的@追逐;谢谢;装机这么爽么;我当时装膝盖痛了三天;放桌子上装;感觉装机有一种快感;把线理整齐也很爽;装机也请大家从预约系统预约（;舍友电脑成这样了;重新安了屏线也没用的样子;前几天也这样;过了一小段时间又好了;电;磁;短;路;没听说过;[表情];没事，这人玩2077玩傻了;这应该是屏线接触不良;如果看过屏线的话考虑屏线和主板或者屏幕的接口;我觉得更像是赛博精神病;我让舍友挂一单了;2023-10-31;0:02:00;Sunburst(1208599547);;[图片];2023-10-31;0:02:40;Sunburst(1208599547);
请问屏幕频繁跳帧是什么原因呀[表情],2023-10-31;0:04:18;好好睡觉(1991070360);;看起来像是排线坏了;2023-10-31;0:04:55;好好睡觉(1991070360);;如果重启重装还是这样，就大概率是屏幕排线坏了;2023-10-31;0:07:54;Sunburst(1208599547);;重启或者合上再打开又好了，但是后面还会出现;2023-10-31;0:08:38;Sunburst(1208599547);;显卡驱动是最新版本;也没更新过;2023-10-31;1:00:37;追求性价比在闲鱼买电子产品其实还可以(2573793328);;我舍友的电脑刚才也莫名其妙好了;2023-10-31;9:59:58;【IT侠】出10700f+z490+内存+各种风扇(895761580);;华为的话就差了不少;@lMl;@lMl;最少对半;大概率3分之1;好好;谢谢
请问这种情况一般怎么想啊,强制关机也关不掉;好怪;求救，一觉醒来手机无法开机，充了一个小时电也打不开[表情];（这个能约单吗;我们估计不太一定能解决;要不换个充电器试试;充电的时候屏幕亮吗;不亮;有点难搞;@追求性价比在闲鱼买电子产品其实还可以;@追求性价比在闲鱼买电子产品其实还可以;按得不够久吧;充电器给耳机、充电宝充电是有电的;@[IT侠]及时备份数据，善用搜索引擎;我再问问吧;可能是屏幕问题;长按开机键会有声音吗;能出问题的地方太多了;没有，用同学手机打电话是关机的[表情];也可能是尾插问题;那我要到线下来看看吗;[图片];看了我们也不见得解决得了，找找对应品牌的官方售后吧;好的，感谢[表情];我就用6800h;应该说我有一个6800h本子;原神原生分辨率;渲染精度0.6;fsr2开;基本55帧以上;我看重6800H续航加便宜;带出去有得用;平常也用不上;今晚7900xtx有点香;6400出头自营;话说6800h的话有推荐嘛;我就联想了解比较多;但听说联想去年的轻薄本很多低温锡;我手机是小米（;所以无脑redmibook;机械革命无界14怎么样;thinkbook14+;鸡哥没用过;@gargantua;@gargantua;性价比高;联想的太贵了;想性价比可以看无界14+或者pro，redmibook;pro15，想质感可以买惠普星pro14;联想小新pro14，thinkbook14+这些;价格应该都是4-5k的;买7840hs的;[图片];想问一下;pdd上的电脑是只有百亿补贴的才比较靠谱吧;pdd的东西，除非厂商本身售后很好;不然不建议;想买华硕天选4[表情]这个算售后好的吗..;ASUS电脑配件售后很好;但是笔记本我不清楚;这样...;一般来讲大件电子产品还是京东自营比较稳妥;如果差价不是很多的话
请问要怎么预约加装固态硬盘？,@（求不被清）;@（求不被清）;今年rog也不算绝对贵了，因为被拯救者衬托的有性价比了;@21;本;地科;万宏鹏【小白】;@21;本;地科;万宏鹏【小白】;看公告;@追求性价比在闲鱼买电子产品其实还可以;@追求性价比在闲鱼买电子产品其实还可以;还真是;拯救者今年太飘了;OK，感谢。
请问13700k水冷有没有推荐的选择,希望安静一点，够用就行，不超频;瓦尔基里c360;或者上e360，压13700k应该很轻松;c360和gl360还有利民的冰封远景和冰封魔镜哪个好一点[表情];主要关注静音;除非你能找到一个评测过这两个的，否则只有自己都买来试试;噪音谁说得准;利民产品线很乱;而且这么说吧;你要压住满载的137k;不可能不吵;如果他不吵;说明他没压住;所以如果只是够用就行;我觉得都一样;但是利民的低端360不太行;通常看质保或者赔付年限;买至少3年全赔的那种;@.;我现在在用e360;感觉没什么噪音，也有漏液包赔，年数应该挺高的;除了小屏幕的软件可能有bug，没什么毛病;没必要上e;上个gl够了;对;gl360;跟其他两个不是一个级别的产品;有钱也可以上V360;e360就比gl多个屏幕;九州风神的冰魔方也不错;现在v好像溢价还不一定买得到;ok;@[IT侠]水龙;@[IT侠]水龙;利民的都是5年，gl360也是5年;一般五年居多;@追求性价比在闲鱼买电子产品其实还可以;@追求性价比在闲鱼买电子产品其实还可以;那算了;137也不配用那么好的散热;gl360都已经完全够了;所以我来问问可不可以再便宜一点;gl360;600左右;c360和冰封幻境400多;你要便宜的话就c吧;c360吧;压得住;如果便宜牺牲声音就算了[表情];而且瓦尔基里的安装上方便一点我记得;声音说了;满载都吵的……;不想吵去主板拉拉曲线都一样;[图片]
请问，自己清C盘的话有什么软件还是什么嘛[表情]之前IT侠的同学帮清理好像是用什么软件来着,我建议首先看看qq和微信聊天记录放在哪;先清一下;space;sniffer;看看空间占用;好嘞;谢谢！;惠普光影精灵9这个算型号吗（）;草，还真是没打码;有没有帮撤回;@Osmanthus;@Osmanthus;算;还有一个是拯救者Y7000P;2023;拯救者疯了吗;跟rog卖一个价;双十一4060应该什么价啊，有无推荐，预算在9k以下，目标用途就比较日常，有的时候剪剪视频打打怪猎（）;要不看看rog魔霸;魔霸还行;或者r9000p;7945hx+4060，之前看到有8200价位的;amd;4060;8888;或者就天选四7940+4060，多的预算加个固态，买把机械键盘，买个显示器;游戏体验一定是最佳的;最好不应该是台式吗;[图片];这个价配个4070乱杀;我是说机械键盘和显示器对游戏体验的提升很大
请问大家校园网连上之后访问不了Internet是怎么回事呀，校园网登录认证界面也打不开[表情],[图片];连上自己手机的热点也没网，这是怎么回事呢[表情];DNS问题？;“自己手机的热点”是指手机开移动数据然后电脑连手机的热点对吧;看看群置顶公告先;求问群大佬，四组团的桌子能摆下27寸的显示屏嘛;[表情];宿舍？几栋啊，我只知道我23栋没问题，实地考察下桌子长度应该就知道了;20栋;明天找阿姨借米尺量量;@22;@22;不一定;我的就放不下，买了个能调的比较低的架子才行;不过也就多花70块钱，问题不大;买个升降支架放到最低应该是都能放下的;@C8H17OH;@C8H17OH;谢谢啦，我已经搞好了，应该是我使用梯子改了我的DNS和代理啥的，导致我微信能用，浏览器用不了;2023-11-11;11:13:23;【IT】二加一等于叁<xiebaokang0131@qq.com>;差了300元
想请问一下办公室开门了吗~我是昨晚需要拷贝硬盘的同学，不知道拷完了没呀,工作室确实有人，但是拷贝你硬盘的人不在;2023-11-11;11:43:57;【IT】二加一等于叁<xiebaokang0131@qq.com>;纠结了半天，4000元拿下了超级冰龙;预算8000-9000左右有什么游戏本推荐吗？看了一圈感觉看不出什么所以然，不打游戏，可能会用一点设计绘画建模软件，abode之类的，;现在的轻薄本发现打开这种软件很卡;暗影精灵9;@二加一等于叁;@二加一等于叁;挺不错的价格;超级冰龙我记得用料挺不错的
@【IT侠】一款吉祥物 @【IT侠】一款吉祥物 嗷嗷那请问知道这位同学大概几时去吗（我不急，我就是看看我啥时候出门比较合适）,2023-11-11;11:52:17;【IT】二加一等于叁<xiebaokang0131@qq.com>;干嘛不买旗舰;4000旗舰没问题的;赚的;2023-11-11;12:09:29;【IT】二加一等于叁<xiebaokang0131@qq.com>;她说我10000元以下的商品任选，不会提出任何的质疑，但是人不能太贪心，4070已经满足了;突然狠狠被打了一拳，有什么头绪吗[表情];[图片];2023-11-11;12:12:43;【IT】二加一等于叁<xiebaokang0131@qq.com>;有了这张卡，我打英雄联盟，应该不会被单杀了吧;[图片];这不等等4080s;这次给了20g显存;早买早享受，4080s抢首发价格比较可观吧[表情];@二加一等于叁;@二加一等于叁;?;想把你莎了;2023-11-11;12:17:40;【IT】二加一等于叁<xiebaokang0131@qq.com>;算了;@记得补考离散;@记得补考离散;你可以进峡谷化身敌方打野;给他狠狠地军训;2023-11-11;12:22:05;dd(334014167);;@记得补考离散;今年不是黑屏吗;2023-11-11;12:35:55;【小白】【IT侠】一款吉祥物(2385349487);;乖，闲聊吹水换个群说;乖，闲聊吹水换个群说;乖，闲聊吹水换个群说;乖，闲聊吹水换个群说;复读也停停;您本可以说预算一万但想持家一点的;才10k;不是，谁问你了;@二加一等于叁;@二加一等于叁;[图片];最高好像支持到3200;要是预算有限不用买华硕h610ma;性价比不太高;映泰的b660/760mxepro和h610ma一个价钱;但拓展性高一档次;华硕bios好点吧（虽然一般也不进去;打算装一台放家里，放假回去可以不用带自己的电脑。需求大概是打大表哥2这种游戏;都买h610了;bios其实无所谓;买这块板子更多是玩灯;@Vendredi;没有这种需求@Vendredi;作为穷b肯定预算越低越好;[图片];大表哥2肯定够玩了;肯定够了;主要看显卡;@谁见幽人独往来;预算多少啊;cpu+主板1000，显卡1000;其他都有;接受二手和寨厂吗;想问一下这个无头骑士怎么样;[图片];二手显卡可以吧，主板还是想要主流的;如果配个上半身大概需要多少？;@杀杀杀杀杀杀杀;@码宝怎么你了;想体验不如搞个mac;mini;主要就是想体验一下mac;没有台式机;@谁见幽人独往来;主板买400上下的h610，除了华硕，其他都能买到;@nendd;@nendd;赞同;显卡可以看看6600xt，目前千元左右性价比较高;好好好，推荐哪个平台呢？;我觉得无所谓;哪个便宜用哪个;那我先去pdd看看;pdd叠个券;要是玩1080p高刷;6600也够用;我可能近期出个2070s（;之前700块钱一张买了两张，性价比无敌;不过二手2070s也不是1000能买到的;宿舍放了台11400h+3050ti的拯救者，吃灰好久了;我这卡大概中高画质+dlss可以流畅4k大表哥和2077;光追就别想了;@出10700f+z490+内存+各种风扇;@出10700f+z490+内存+各种风扇;2077也可以4k吗;流畅:=60帧;可以;dlss拉满;不过dlss在4k下一般也看不出瑕疵;追求性价比在闲鱼买电子产品其实还可以撤回了一条消息;上次试了4090带2077，没有跑到144帧，可能是没开dlss;如果目标是中画质1080p大表哥;能接受dlss的话;13100+3050我觉得够用了;100没逼格的话可以13400（;13还是算了，预算不够;3050太贵;纯打游戏不如a卡;主要图一个dlss;这个成本想拉起高配游戏还是得靠魔法;1070咋样;别买;有点老;起码20吧;fsr还是比dlss效果差的;而且fsr还是跑在光栅上;dlss跑在不一样的硬件;我觉得还是理论性能更重要一些;6600拉下功耗能打3060;最近有2400的3070ti，不过是京东国际;保修不太行;西风的新显卡，应该没矿;铁矿;2070s闲鱼大概什么价位啊;那感觉不如2000的g6x;穷;买6600xt吧;@谁见幽人独往来;@谁见幽人独往来;矿别买咸鱼;或者6650xt;翻新的好歹pcb和显存给你换了，还有个保修，矿就全是垃圾了;买我的;保证没矿;19年买的;[图片];卡诺基没人买了吗;恕瑞玛也有买的;[图片];发行者;@谁见幽人独往来;@谁见幽人独往来;可以单独带显卡回去[表情];@Vendredi;@Vendredi;这不买丐帮帮主;去买个蓝宝石6600xt吧;二手一千出头;6600也可以;蓝宝石现在支持个人送保;瀚凯也可以;这些正经牌子其实比发行者恕瑞玛要稳一些;2023-11-11;21:55:17;杀杀杀杀杀杀杀(1375900657);;想问一下，无头骑士配头a1990屏幕再哪配好一点啊;[图片]
请问笔记本电脑突然无法连接WiFi，就是WiFi一个都搜索不到，插网线也无法识别，目前都上不了网，重置过网络，重启过电脑都没有用[表情],重装一下驱动;你确定，那个网线是好的吗？;网线也没法?;可以试试手机usb网络共享;网线是好的;@记得补考离散;@记得补考离散;是的;@记得补考离散;@记得补考离散;没有网[表情];[图片]按理来说win10网线是免驱的;是的;要不拆了看看是不是网卡松了;@[IT侠]及时备份数据，善用搜索引擎;试试这个;[图片];逍遥龙撤回了一条消息;好吧，确实网线松了;2023-11-12;1:10:48;【小白】Osmanthus(2309202238);;虽然不太明白，但是感觉au不太行（）;2023-11-12;1:11:42;【小白】Osmanthus(2309202238);;电源用得着750w的吗;2023-11-12;1:12:24;【小白】[it侠]鹿转(2408164955);;650也行;2023-11-12;1:12:38;【小白】[it侠]鹿转(2408164955);;不过我还是上了750;2023-11-12;1:12:39;【小白】追求性价比在闲鱼买电子产品其实还可以(2573793328);;[图片];2023-11-12;1:12:53;【小白】Osmanthus(2309202238);;有没有折中700w的（）;2023-11-12;1:13:06;【小白】追求性价比在闲鱼买电子产品其实还可以(2573793328);;这是因为我最近换的64g内存吗（;2023-11-12;1:13:26;【小白】记得补考离散(1664262451);;@Osmanthus;@Osmanthus;70ti上750没问题;2023-11-12;1:13:33;【小白】记得补考离散(1664262451);;70上650就行;2023-11-12;1:14:43;【小白】记得补考离散(1664262451);;[图片];2023-11-12;1:16:03;【小白】Osmanthus(2309202238);;650还便宜五十块钱，好好好;2023-11-12;1:16:30;【小白】Osmanthus(2309202238);;风扇要这么多个吗;2023-11-12;1:16:59;【IT侠】出10700f+z490+内存+各种风扇(895761580);;风扇一个是好看一个是夏天防止死机;2023-11-12;1:17:11;【IT侠】出10700f+z490+内存+各种风扇(895761580);;一般至少三个;可以上到7个;2023-11-12;1:17:28;【IT侠】出10700f+z490+内存+各种风扇(895761580);;至少一个吧;2023-11-12;1:17:31;【小白】Osmanthus(2309202238);;鹿转这整了6个;2023-11-12;1:20:26;【小白】Osmanthus(2309202238);;怎么知道有没有HDMI接口（）;2023-11-12;1:20:52;【小白】[it侠]鹿转(2408164955);;显卡上至少有一个，不用担心;2023-11-12;1:22:13;【小白】[it侠]鹿转(2408164955);;其实我自己装d31只上了3个;2023-11-12;1:22:21;【小白】[it侠]鹿转(2408164955);;[图片];2023-11-12;1:24:30;【小白】Osmanthus(2309202238);;大不了多三个当电风扇吹我（）;2023-11-12;1:25:15;【IT侠】出10700f+z490+内存+各种风扇(895761580);;可以买个360冷排;2023-11-12;1:25:22;【IT侠】出10700f+z490+内存+各种风扇(895761580);;省三个风扇的钱;2023-11-12;1:25:31;【IT侠】出10700f+z490+内存+各种风扇(895761580);;[图片];2023-11-12;1:25:44;【小白】记得补考离散(1664262451);;然后散热多出200是吧;2023-11-12;1:25:48;【小白】记得补考离散(1664262451);;[图片];2023-11-12;1:27:08;【小白】Osmanthus(2309202238);;发热真有那么严重吗（没用过台式机别打我）;2023-11-12;1:33:23;【小白】记得补考离散(1664262451);;没有;2023-11-12;1:33:49;【小白】记得补考离散(1664262451);;136及以下的cpu;2023-11-12;1:33:54;【小白】记得补考离散(1664262451);;都可以用风冷压
请问今天或许可以维修吗？不小心把水洒在了电脑上,预约;不要开机;@[IT侠]及时备份数据，善用搜索引擎;已经提交了;@[IT侠]香菜;立刻关机了;2023-11-12;12:33:02;【IT】二加一等于叁<xiebaokang0131@qq.com>;不过现在已经过期了;【淘宝】https://m.tb.cn/h.5QjAqHz?tk=BepKWWtXyvW;CZ3457;「WD西部数据移动硬盘2t正品外接电脑2tb手机外置1t大容量机械存储」;点击链接直接打开;或者;淘宝搜索直接打开;这个可以买吗[表情];买固态的;移动机械盘全是电子垃圾;这前两个有啥区别[图片];写一个unity小项目盘全炸了怎么搞，是不是要存固态硬盘里;@[it侠]鹿转;感谢(^^)@[it侠]鹿转;不备份存哪个盘都一样;@鼠本华;@鼠本华;上GitHub（
想请问一下Mac键盘进了一点饮料，能把键盘拆开嘛？,mac一般都很难拆;那有什么办法嘛？南大有店可以修这个嘛？;反正别去电脑医院;[图片];去直营店能修嘛;反正去找官方的售后;哦哦好滴;@lyyyywen!;@lyyyywen!;直接预约天才吧，会帮你做检测和拆开来清洁的;好的好的，感谢！;然后做完之后账单-4298;但是如果饮料糖分多，键盘黏的问题会反反复复;[图片];只清洁一下倒是不要钱;这么贵啊;先去问问价格;苹果的保修费用是两个极端;有ac有时候等于不要钱;没ac…;只是清洁不要钱的（刚刚去玄武湖和艾尚天地清洁过两次;[图片];我买4070的话可能就搞个七彩虹了;各个地方都没啥问题;4400左右这样;七彩虹买个ultra也可以;@记得补考离散;买完上面那个铭瑄了;[图片];这样是不是就OK了;我觉得OK;机箱风扇散热器有吗;有;海韵太贵了，你要是钱多也可以上;内存买3200;3600只能跑g2;[图片]
请问一下，大家知道怎么把浏览器自己的账户注销吗？,[图片];选择退出账户，一直还有自己的账户信息;重装下浏览器;这是你系统登录的账号吧;可以试试去设置里把edge重置;可能只是edge识别到了系统登录的账号，猜测你要登这个;看起来已经重置了;浏览器那个估计只能清空cookies/重置;因为edge和微软家自己的系统联动，会读你本地添加的Windows账户信息;你在edge里添加的账户也会有信息存在本地;明白了，我看如果真登录还需要给我这个邮箱发信息验证，应该不会影响我的信息安全;谢谢大家;如果你那么在意信息安全非本人电脑开private模式用就好了
请问一下，在mac虚拟机的win10系统上从itsc安装office，但是到激活步骤的时候，那个kms文件以管理员身份运行就卡死，这是怎么回事呀[表情],为啥要这么烦;直接用mac;的office;不就可以;又没有阉割;要用的插件只能在win系统上用[表情];电脑登不上校园网了[表情];这种情况怎么处理呀;能连上校园网，但是登不上教务网这一类，所以也就不能到p.nju.edn.去登录;https://www.yuque.com/itxia/help/nju_wlan_qa_pro_plus_max_ultra;我无机不会加入本群。;@柠檬酸钠.;@柠檬酸钠.;虚拟机直连学校局域网了吗（虽然不一定是卡死的原因，但要激活应该需要连学校局域网;想问一下，hdmi连接主机之后显示器不亮是为什么这根线连接ps5能正常显示，应该是好的，主机的hdmi口刚刚在工作室也能亮屏;主板有debug灯没;亮了一个红灯;写着啥，vga?;你看看是不是供电没插，或者hdmi接在主板后置io处了;另外推一下ps5交流群;[图片];在里面了（）;换了一个hdmi接口也没;这个debug灯看不清楚是啥;它突然又好了。。。;玄之又玄，众妙之门;2023-11-16;0:13:18;系统消息(1000000);;J•MAX•Y加入本群。;2023-11-16;0:14:39;(2997394038);
请问一下，DELL电脑，Win11系统，显卡3060，开机时屏幕不亮，该怎么处理？,2023-11-16;0:14:57;(2997394038);;[图片];2023-11-16;0:15:02;(2997394038);;上述情况;2023-11-16;0:16:22;追求性价比在闲鱼买电子产品其实还可以(2573793328);;屏幕是完全不亮还是很暗很暗;可以再观察一下;2023-11-16;0:17:34;(2997394038);;会微微亮一下;2023-11-16;0:17:54;(2997394038);;不过刚刚，突然又亮了，不知道为什么;2023-11-16;0:18:39;(2997394038);;亮之前有像是被电磁干扰的那种画面;2023-11-16;0:19:15;(2997394038);
请问是为什么。。。（暗了有一个半小时）,2023-11-16;8:25:49;1352056094(1352056094);;发现Multisim的版本不对，然后重新下载的时候碰到这种情况;2023-11-16;8:25:53;1352056094(1352056094);;[图片];2023-11-16;8:26:07;1352056094(1352056094);;老师说让我最好把文件保存好;2023-11-16;8:26:23;1352056094(1352056094);;这个是要重装吗;怎么进到命令行界面了，并且你是从压缩包里打开的嘛，不尝试解压一下;解决不掉;大概也只能重装系统了吧
请问电脑控制亮度和声音的六个键不管用了是怎么回事？,@Kes;碰到fn;lock了吧;按着fn再试试呢;嗷嗷好了;谢谢啊;问下备份数据一般是备份哪些东西，我电脑里除了作业和软件没有别的东西了;你认为比较重要的，不太好复制的;软件本体可能也就是重新下载的事;软件的配置有需要的话可以看看能不能导出;但是如果有什么本地聊天记录/已经过期清除的课件作业资料/游戏存档/图片备份之类的;最好还是备份一下;这些已经备份到u盘里了;应该没问题吧;你预约来了之后装系统之前或许我们还可以帮你检查一下;ok;已经预约了;校园网有运营商的说法吗;运营商宽带和校园网宿舍接口共用一个接口，但这是两个东西;好像网线接口是两个？;校园网的貌似是什么鹏博士长城宽带;不过没找到具体的查询的地方;然后几年前的话校园网本身网络是购买的鹏博士的服务，是电信移动线路混合;噢噢;那有啥办法查到我当前是用的哪个运营商线路吗[表情];其实没意义，根据我的了解，你的线路其实不是固定的，校园网后端管理员曾经为了优化一些网站链接速度，对不同校内区域的用户连接不同网站会分配不同线路或者出海端口;哦哦好的;2023-11-17;8:41:57;【IT】二加一等于叁<xiebaokang0131@qq.com>
请问一下，谁知道咱们学校附近有租西服的地方吗,2023-11-17;8:58:12;【小白】The;Jokerヾ(805529648);;大众点评搜一下第二颗纽扣;2023-11-17;8:59:22;【IT】二加一等于叁<xiebaokang0131@qq.com>;好的;2023-11-17;8:59:24;【IT】二加一等于叁<xiebaokang0131@qq.com>;谢谢@The;Jokerヾ;南大的网今天又出问题了吗？;为什么一直显示不可上网;没网费了，没事了;[图片];有人知道电脑沾水后，没有任何插USB，但电脑一直弹出无法识别USB，怎么处理嘛[表情];预约吧;电脑电池显69%，充不进电，拔掉电源不能开机；重启，时间会跳转到2016年有什么解决办法啊（插着电可以使用）;电池挂了;@，;看到你的预约单啦;应该很快就会有同学联系的;最近接得挺快的;@412前台小妹;@412前台小妹;好滴
请问台式电脑更换主板这样的工作能不能麻烦IT侠帮忙呢？,可以;太好了！我先预约一下？;对的;更换主板是什么换成什么;是C246WU4换成Z390;z390是啥;@记得补考离散;华硕Z390主板@记得补考离散;[图片]
请问谁有转接器吗，就是天文院楼那边，教室没有电脑，只能是自己带电脑连接投影，现在苦于没有转接器,[图片];hdmi转vga？;求助;有好心人有联想拯救者的充电器吗，我想借用测试一下我的电脑是充电器坏了还是主板坏了……;（目前就是开不了机，插电源灯也不亮）;@[it侠]鹿转;@[it侠]鹿转;应该是的;刚刚水杯打翻，电脑侧面沾了些水，但是电脑看起来还在正常运行，我把水擦干等几个小时之后开机应该没问题吧;保险一点，明天开;2023-11-20;0:17:35;【IT侠】改出2070s无矿了(895761580);;比如22的单层吉士汉堡和13.9带可乐的双层吉士汉堡;2023-11-20;0:17:42;【小白】记得补考离散(1664262451);;@千明;@千明;其实是十块钱的小杯可乐和十二快的超大杯可乐;2023-11-20;0:17:54;【小白】记得补考离散(1664262451);;十二块的超大杯也没有性价比;2023-11-20;0:18:00;【小白】[it侠]鹿转(2408164955);;还不够准确;2023-11-20;0:18:00;【IT侠】改出2070s无矿了(895761580);;想吃双吉了;2023-11-20;0:18:04;【小白】记得补考离散(1664262451);;但是考虑到有十块的小杯;2023-11-20;0:18:08;【小白】记得补考离散(1664262451);;好像就还不错啦;2023-11-20;0:18:12;【小白】小黑AWM<andrew030305@qq.com>;为什么国内麦当劳没有10块钱畅饮;2023-11-20;0:18:14;【小白】小黑AWM<andrew030305@qq.com>;玉玉了。;2023-11-20;0:18:26;【小白】谁见幽人独往来(1795642156);;萨莉亚有;2023-11-20;0:18:28;【小白】记得补考离散(1664262451);;@小黑AWM;@小黑AWM;大爷大妈教你做人;2023-11-20;0:18:33;【小白】[it侠]鹿转(2408164955);;准确说是10块钱的泔水，12块钱的基础可乐和30块钱的大杯可乐;2023-11-20;0:18:35;【小白】[IT侠]bonnie(1443858883);;萨莉亚才九块;2023-11-20;0:18:39;【小白】谁见幽人独往来(1795642156);;好像上面还有人问题没解决呢;2023-11-20;0:18:40;【小白】[IT侠]bonnie(1443858883);;[表情];2023-11-20;0:19:04;【小白】记得补考离散(1664262451);;到时候大妈拿桶来装;2023-11-20;0:19:14;【小白】小黑AWM<andrew030305@qq.com>;不是啊;2023-11-20;0:19:25;【小白】小黑AWM<andrew030305@qq.com>;畅饮就是花钱买杯子;2023-11-20;0:19:32;【小白】[it侠]鹿转(2408164955);;去萨莉亚吃就行了（;2023-11-20;0:19:44;【小白】小黑AWM<andrew030305@qq.com>;这不是南大里没有嘛;2023-11-20;0:19:56;【小白】小黑AWM<andrew030305@qq.com>;建议好的老板尽快意识到自己存在的多余性;2023-11-20;0:20:05;【小白】记得补考离散(1664262451);;@小黑AWM;@小黑AWM;然后杯子装完往自己带的容器里倒就完了;2023-11-20;0:20:07;【小白】小黑AWM<andrew030305@qq.com>;并把店铺转让给萨莉亚;2023-11-20;0:20:20;【小白】记得补考离散(1664262451);;[表情][表情][表情];2023-11-20;0:22:12;【小白】谁见幽人独往来(1795642156);;我再水一句，和园的瑾厨十几块钱畅饮还送一顿饭;2023-11-20;0:23:15;【IT侠】改出2070s无矿了(895761580);;？;2023-11-20;0:23:17;【IT侠】改出2070s无矿了(895761580);;[图片];2023-11-20;0:23:24;【小白】Stay;Young(814638388);;啥;2023-11-20;0:25:29;【小白】谁见幽人独往来(1795642156);;不氵了哥，人问题还没解决呢[表情];[图片];一开机左边的俩个小灯就亮起来按也按不掉;电脑温度正常，五分钟前正在运行wps（;英特尔的笔记本;看下任务管理器，有没有高占用率的进程;刚刚重启了一下还是响就先关机了，等课间我再开机看看（;没有显示高占用率的进程也狂转怎么办;环境温度过高？和风扇策略有关系;或许也有可能是里面灰太多了（;硅脂干了也有可能;大概是后者（;cpu占用率不到百分之十，内存百分之三十;可能是了（;破案了，莫名奇妙开了基准模式;用nuc迷你电脑软件工作室关掉了;家人们[表情]紧急求助;平板放在书包里可是水杯漏水了;充电口朝底放的;发现漏水就马上擦干了，没有关机，怎么看进没进水哇，进了多少;想问问U盘中病毒，文件变成lnk后缀了，能怎么解决呀？
天选三电脑后盖少了两颗螺丝。。请问侠侠能修这个嘛,一般不需要修;已经有一些松了;这样子的没问题吗;工作室说不定有螺丝;emm感觉这边的卡扣应该是坏了;我也不清楚，那我网站上预约一下吧，谢谢啦;反正就是找两个一样大的螺丝补上去;好的好的
请问移动硬盘和固态硬盘+硬盘盒，哪种方式保存数据相对更安全呢,保存两份最安全;是这个道理，就是想知道移动硬盘会不会相对固态更安全一些，在没有磕碰的情况下;还是说移动硬盘就是完全的智商税;移动硬盘不也是nand;么;不是吧;是这种;[图片];移动机械硬盘是完全的智商税;2023-11-21;0:02:36;追求性价比在闲鱼买电子产品其实还可以(2573793328);;连安全性的优势都没有了吗;2023-11-21;0:03:06;追求性价比在闲鱼买电子产品其实还可以(2573793328);;固态+固态盒一般可以安全的保存数据多久呢;2-5年？;2023-11-21;0:04:29;[IT侠]kakaa(306330361);;机械;移动;安全;最多只能取两个;2023-11-21;0:06:47;追求性价比在闲鱼买电子产品其实还可以(2573793328);;所以固态+固态盒还是相对的最优解;2023-11-21;0:09:31;Vendredi(1532138492);;2.5寸机械硬盘大部分都是叠瓦盘;2023-11-21;13:43:34;【IT】二加一等于叁<xiebaokang0131@qq.com>;800w;atx3.0好像是260;看具体配置和预算;我觉得买个1000w电源;大概率是要带i7i94090/7900xtx的;就没必要在电源上省太多;2023-11-21;13:50:44;【IT】二加一等于叁<xiebaokang0131@qq.com>;[图片];我是13700加7900xtx;2023-11-21;13:53:34;【小白】.(1251887477);;预算1000以内;那我去买amp1000w;2023-11-21;13:57:49;【IT】二加一等于叁<xiebaokang0131@qq.com>;我之前看到过这个up说，海韵电源带7900xtx好像有啥问题;2023-11-21;13:59:43;【小白】.(1251887477);;是说会重启;2023-11-21;14:05:05;【小白】.(1251887477);;是的吧;不过1000w就无所谓了;我只要没有滋滋的声音就行;2023-11-21;14:09:33;【小白】Vendredi(1532138492);;单纯打游戏的话可能性价比没有a卡高;性能高不了多少;直接下一代;@二加一等于叁;@二加一等于叁;这个价有点哈人了;7900xtx有瞬时功耗1400w的bug好像;一般来说电源都要五毛一w以上才能用;2023-11-21;14:32:58;【管理员】[IT侠]重启解决50%问题(621029858);;有测过峰值压力么（）;2023-11-21;14:33:17;二加一等于叁<xiebaokang0131@qq.com>;可以去b站搜一搜;emm;2023-11-21;14:34:47;[it侠]鹿转(2408164955);;我还是蛮怀疑的;2023-11-21;14:35:52;二加一等于叁<xiebaokang0131@qq.com>;就是这个up出的，这是他自己测自己的，仅作参考;没听说过，pass;2023-11-21;14:38:51;二加一等于叁<xiebaokang0131@qq.com>;我买的那一款电源，看到有人说，如果在功率卡在风扇智能启停点，就会不停的开和关[表情][表情];您可以试，但我不建议在这个小白居多的群推;2023-11-21;14:41:09;[it侠]鹿转(2408164955);;怎么说呢，确实有一点误导性吧;2023-11-21;14:43:05;二加一等于叁<xiebaokang0131@qq.com>;[大怨种]请使用最新版手机QQ体验新功能;2023-11-21;14:57:25;系统消息(1000000);;八化十峰加入本群。;才900不到;p44pro1100多，990pro1000多;为啥p44涨那么多;618那会儿还是840;没那些掉盘0e掉健康度的问题;p44pro之前八百多;性价比挺高;接受oem的话;pdd上还有五百多的sn810;就是oem版的sn850;八月份找到的最低价是pdd的950多;@追求性价比在闲鱼买电子产品其实还可以;@追求性价比在闲鱼买电子产品其实还可以;没用卷吧;用了应该能900以下;900出头;@谁见幽人独往来;这块换下之后不知道干啥了，就一直放着[表情];买p41吧;京东800多;买个硬盘盒;[图片];硬盘盒里塞的是笔记本拆机的镁光2230长度的固态;也是512g;最近打算把移动机械硬盘出了换固态+固态盒;tf卡、u盘和硬盘盒用哪个比较好一点;感觉是硬盘盒吧;就是不知道固态长时间不使用会不会有问题;半年应该没事？;2280的有点长;@谁见幽人独往来;指长度;那买个2280硬盘盒;[图片]
请问IT侠可以帮忙给主机装风扇吗？我刚在系统提交了预约单,可以，但是看有没有人接;好的;谢谢！;惠普笔记本屏幕闪烁，经惠普工程师排查是屏幕问题，需要更换屏幕，但工程师说可以用第三方的屏幕；同学说可能是屏线问题，想问问佬们有没有什么解决方案;不在保修就换第三方也行;想问问有没有会换屏的;xd[表情];@雁卷西楼;@雁卷西楼;啥型号;惠普;Elitebook;640;G6;[图片]
请问一下这种网址该怎么访问呢？,看起来是一个ftp服务器;可以在Windows资源管理器里面输入ftp://114.212.132.101/;谢谢，找到了;想问一下，我的mac适配的官方充电器是这个，我买支持65wPD快充的品牌手机充电器可以正常使用吗;[图片];可以的;谢谢！;2023-11-23;9:46:25;【小白】逍遥龙(3407927891);;[图片];2023-11-23;9:46:26;【小白】逍遥龙(3407927891);;求助，最近电脑老是过一会就找不到WiFi。目前还是这个状态，试过重置网络，重启服务，重新下驱动，关机放电，重新插拔网卡，都没有用。目前只能连接网线上网。不知道怎么解决无线上不了网的问题呢;2023-11-23;9:46:26;【小白】逍遥龙(3407927891);;[图片];2023-11-23;9:46:26;【小白】逍遥龙(3407927891);;[图片];2023-11-23;9:46:27;【小白】逍遥龙(3407927891);;[图片];2023-11-23;9:46:27;【小白】逍遥龙(3407927891);;[图片];爱封陌加入本群。;147还可以;别的都是屎;现在哪块cpu性价比高一点;不同价位有不同的高性价比选择;能接受AU性价比会更高;@谁见幽人独往来;@谁见幽人独往来;14代就147;然后就136kf;124kf;amd那边就7800x3d;5600f;7500f;[图片];4070ti及以上就136kf;4090或者4080且预算充足可以147kf;4070及以下可以用12400f;针对单机;别乱推荐了;5600没有f;12400f也没有k;具体推荐什么cpu看预算和用途;单机按这个确实没什么问题，虽然124和5600打错了;其实4070配10400也不损失多少性能（;乐;打游戏的话7500f性价比高一点;讲道理12400f配4090也就少那么十帧不到;都有4090了还有人用12400f;遇到像星空这样的重量级就暴毙了;[图片];之前有个极致性价比得;1w4;4090;求推荐屏幕护眼的手机[表情];oled屏用着眼睛快废了
请问打游戏的话有推荐的鼠标吗？朋友大概玩儿第五人格、原神和一些不了解的音游，用得机械键盘,个人不怎么玩儿游戏，不了解这些;鼠标不如自己去试;lcd屏好像不多见;哪个模具顺手买哪个;@打瞌睡的时候枕头掉了;@打瞌睡的时候枕头掉了;预算充足无脑gpw2;@[IT侠]重启解决50%问题;@[IT侠]重启解决50%问题;感觉不如gpw3;[图片];gpw2现在多少钱啊;@Aurora;@Aurora;海信停产了，可惜，不然看看墨水屏;@[IT侠]kakaa;@[IT侠]kakaa;500多;高端一般不会用lcd的;@记得补考离散;@记得补考离散;出三了嘛？没关注，毕竟我是买了EC2为童年交税的怨种;我在用g304;304好用的;又便宜;除了有点重和用5号电池以外没什么缺点吧;想换个type-c无线;@[IT侠]kakaa;@[IT侠]kakaa;我记得可以买那种轻的电池
请问战地五为什么开加速器找美洲，欧洲服务器特别少，基本上只有1.2个,2023-11-25;0:26:43;二加一等于叁<xiebaokang0131@qq.com>;[图片];2023-11-25;0:26:58;二加一等于叁<xiebaokang0131@qq.com>;WIFI连校园网下载东西没问题，就是不能连手机热点;2023-11-25;0:27:07;二加一等于叁<xiebaokang0131@qq.com>;网卡应该是没事;23;生科撤回了一条消息
请问电脑可以连接手机热点但是打不开网页，DNS改成了自动也打不开，请问该怎么办,其他应用能连上网么;也不能;重启试试？或者之前有没有没关梯子就关电脑;需要重新连一下梯子;好的，我重启一下试试;2023-11-26;9:05:01;【小白】昨日光影(2948703439);;南大云盘出现这种情况是发生了什么[表情][图片];2023-11-26;9:47:55;【群主】数据常备份/预约带电源/提问请上图/Minaduki(976340648);;刷新下看看？也许只是网卡了;2023-11-26;9:48:31;【群主】数据常备份/预约带电源/提问请上图/Minaduki(976340648);;2023-11-26;9:48:31;【群主】数据常备份/预约带电源/提问请上图/Minaduki(976340648);;如果一直不行可以去云盘群问姚老师
请问如果想给笔记本买外接显示器，应该如何注意型号适配的问题呢？,"@30;没什么特别需要注意的，只要不是清晰度太高导致笔记本带不起来就行[表情]@30;实测五六千的笔记本带4k显示器明显卡顿;[图片];那什么品牌的显示器性价比比较高呢;二手显示器;@雁卷西楼;啊？;@30;不是简单所谓的型号适配，还有不要听上面的人误人子弟，笔记本的外接显示器比较复杂，在办公负载情况下，你的外接显示器效果能否足够取决于：;1.;你的笔记本负责解码的单元性能是否足够;2.;你的笔记本的输出接口带宽是否足够;3.;你买的连接线是否合格;即使在以上三点满足的情况下，我依然见过有人使用外接显示器相比原内置显示屏游戏明显掉帧的情况，这也部分取决于笔记本厂商的配置问题;[图片];上面这个五六千的笔记本带不起4k的;查查你笔记本的接口和你的线;八成是4k30了;笔记本一般都是hdmi吧;看看说明手册里的规格;hdmi或者c口;基本就是你这台笔记本能带动的最高规格;HDMI2.0就能保证4k60;C口除了雷厉带不动很高规格;老的可能只有HDMI1.4，就上不了4k;确实;只是系统的话;十几年前的卡带4k60也不会出问题的;打游戏的话有时候4080都带不动（;想配台式接双屏桌面会不会放不下;如果是台式的40系显卡带4k能带动吗;台式得放下面了;要看你干什么;vscode肯定可以;看文档核显都能带;天际线2配置全部拉满大概不行;双屏我觉得够呛;感觉不太塞得下;一竖一横？;竖着一个;配一个显示器支架;两个横着不可能;宿舍的桌面要拆挡板了;笔记本搞pr,ae性能太差了;看文档写论文和剪视频之类的话，台式加一竖一横双屏差不多够用？;这个看你自己想法了;有多重的剪视频需求;确实;反正现在电脑渲染个4k30帧都够呛;以后处理4k120帧估计要谢;[图片];[图片];客官，量力而行是很重要的呢;那要做好机器预算起飞的准备了;如果只是看文档写论文剪视频;4k120真的有很多人的设备支持看吗;买个MacBook可能更适合（;特别是剪视频;@[IT侠]提醒关代理小助手;视频文件拍出来就[表情];顶级cpu，大内存，高端显卡，大容量存储一个都不能少;（啥机器拍4k120啊;准备入御3p;但这就没马内配台式了;[表情];反正要做好处理视频的电脑比御3p贵的准备;13代i7+4070都不够吗;这也要1w出头了;考虑到你还要大内存和大硬盘;不过也不要被吓到，毕竟我猜你也不可能天天拍4k120（;看来高负载渲染视频比大部分游戏压力大;很显然的事情;@便宜出点带灯的风扇;@便宜出点带灯的风扇;4k;游戏只有;6-15;帧[表情];游戏帧数和显示器帧率是两回事（;显示就是一个水池里上面进水下面出水的过程（x;笔记本打4k游戏啊;不带独显基本别想;除非你是6800h或者7840h这种;原来如此;@lMl;@lMl;同道中人;勉强塞的下;[图片];建议竖屏放24寸;横屏放27寸;你这个也是拆了挡板吧;拆了挡板就好放了;怎么有柚子厨;拆了的;[图片];没拆的24belike;卡的死死的;没拆23.8[图片];为什么主显示器不放中间;@The;Jokerヾ;@The;Jokerヾ;因为;[图片];逆天设计是这样;只能侧着坐;@The;Jokerヾ;啊？这不是梯子吗;[图片];6;@lMl;直接贴座位了是吧;研究生独有的单边梯子;是这样;放不下椅子;@gargantua;拓展坞？;@The;Jokerヾ;确实逆天;嗯;博士生的桌子那个挡板有没有办法拆[表情];太逆天了;有人买过联想整机吗;有个朋友买了台刃7000k，1w4左右的价位上的b660主板。。;以及用风冷压14700k;这种主板支持开6400或者6000频率的xmp吗;@追求性价比在闲鱼买电子产品其实还可以;@追求性价比在闲鱼买电子产品其实还可以;这么黑;我也呆住了;整机主要是为了售后吧;激活了也不能退了;@重装不如重买;是啊@重装不如重买;主板应该是联想自己的;也不知道能不能开xmp;@重装不如重买;@重装不如重买;这个价堪比it超市了;是嘛，没细看;照理来说官方整机不会贵太多的;14700k+4070ti;看上去其实不错的;但是是16+1t的;想换内存的时候发现是b660主板;加上风冷压14700k;风冷怎么你了;整台机子就是正正好能用的水平;147我记得发热量很大的吧;你去京东自营凑这一套差不多就是要1.4w;不超频能压;如果用的是比较不错的风冷;不行就降压呗;我在淘宝找到了好几家店;差不多价位能上z790或者b760+32g内存;自己组应该更少;唉;也对;便宜的水冷还要担心漏液;1w4不是预算充足;上个147+4070ti;用来炼丹的;说实话这个价位上13600k+4080也行;4070ti是不是显存少了点;好难过;而且自己配会合理很多;1.4w拿头上4080;现在上不了;剩下来都是丐中丐当然行;现在4080涨价了;之前4080;底价8k的时候肯定够的;也不会丐中丐"
请问下大活412从哪上去,电梯;我找到了一个电梯，但是最高只到三楼;啊？;那可能在修？;那就三楼出去走楼梯;哦;不对;你走错了吧，那个应该是去黑匣子的;就进门左转的电梯;好的我找找;正门进去左转;两个电梯在一起的;找到了，感谢
请问校园网连接不了的解决方法在哪里呀找不到了,"https://www.yuque.com/itxia/help;碰到Python环境库的问题，明明环境里有一些基础的包，但运行代码的时候，就是现实No;module;named;""xx"""
请问有IT侠的同学能帮忙看一下吗？,你看一下解释器的路径;另外在程序中打印sys.path看一下;[图片];路径感觉也没问题，定位到相应的环境里面的;这个问题已经卡了我很久了，导致科研停顿了一段时间;[图片];奇怪的是，我软件上显示的环境是TensorFlow，但是sys.path打印出来的环境是tf-cpu这个环境;那就是软件设置有问题吧;然后我的anaconda也报错;[图片];所以，想有偿找个同学，帮我一揽子看一下怎么解决;或有没有IT侠的同学有时间帮个忙的;麻烦了;先预约吧，看有没有人接单;[图片];2023-11-27;16:39:00;【前辈】[IT侠]BUG人肉排雷者(1586608241);;看看保修期去官方售后换;2023-11-27;16:45:16;【IT】‭‭(1796389814);;过了也能有偿换吧;不然就只能淘宝随便买了;2023-11-27;16:54:21;【IT侠】便宜出点带灯的风扇(895761580);;珠江路==南京华强北;小白千万别去;去买过;还是挺乱的;除非特别着急当天就想用;不然网上买还是靠谱多的;2023-11-27;17:13:09;【小白】[it侠]鹿转(2408164955);;反正京东也不是自营;没有官方卖电池，所以网上都都不能说靠谱;2023-11-27;19:39:47;【小白】安隐<whitesun777@126.com>;难以置信，也就两年，续航这么烂;2023-11-28;1:51:39;系统消息(1000000);;柒·里·香加入本群。;可能就是硬件坏了，修的话得拆开具体看看;先放下静电试试？;我之前一摸一样情况;放了电就好了;怎么放电啊;挂个单子吧;自己不会操作的话;拆后盖，拔掉主板的电池接线，然后按几次开机键，大概是这样;还是预约吧，之前没弄过容易出事
请问电脑别的软件能联网，但是浏览器不能连接上网，p.nju打不开，这种情况适用于群公告的连不上网的方法吗,浏览器显示的什么，代理开着吗;感觉听起来像dns污染;[图片];[图片];是不是开过梯子;是的;前天开了一下;那就重新开梯子;然后正确的断开;不要连接着关闭软件;试试;!好了;[图片];太厉害了呜呜呜;感谢感谢;[图片];重新开关之后好像正常了;没事;@谁见幽人独往来;@谁见幽人独往来;按照这个方法修好了，非常感谢;2023-11-28;17:16:37;【小白】22;仙林;sjw(1439921564);;闲鱼不包邮出（或者南小闲，记得消毒）;2023-11-28;17:18:14;【小白】ᙏ̤̫<warycheng@qq.com>;电子设备也是扔公寓垃圾堆？;放旁边有阿姨会收吧;@ᙏ̤̫;@ᙏ̤̫;111真送吗（雾）;2023-11-28;21:02:01;系统消息(1000000);;夏天加入本群。;绾峭加入本群。;绾峭撤回了一条消息;问问看已经预约的话大概多久能蹲到回复呀[表情][表情]因为真的有比较急的问题就是，虽然感觉不是什么很复杂的问题，但是自己不太会解决;看到你的单子啦;我的论文ddl已经近了呜呜呜呜请救救我！;虽然社员们都是自愿接单;我们无法肯定地给出接单期限;但是确实能看出很急;不过现在已经下班了;好的呜呜谢谢你！希望能尽快有uu可以接[表情][表情]我真的要爆了它为什么偏偏在ddl之前出问题;然后我们一般上午都不大会有人接单;而且单子上也是写明日没时间吧;如果周四一天都没有人联系的话再来催;上午大家可能都在睡觉;我姑且问一下;你这个硬盘是指什么硬盘;移动机械硬盘？;好的！！谢谢提醒！;@[IT侠]水龙;@[IT侠]水龙;对对对;你需要他是因为你文件很大吗;如果你在别人（比如舍友）电脑上能打开;那你可以先传云盘啥的;是因为里面有很多我需要的文件，但是它现在没法被电脑读出来……;@[IT侠]水龙;特别急的话可以用这个办法@[IT侠]水龙;太经典了，我两年前有个移动机械硬盘就是这个问题;啊啊啊但是我不是很确定需要哪些，因为里面大多是打包的论文集和电子书，我用硬盘相当于是查资料库;多大？
请问一下笔记本晚上自动更新后 插上HDMI线无反应是什么情况,屏幕开了吗;屏幕输入选择切换到hdmi了吗;hdmi插紧了吗;我拿HDMI转typec;然后typec连到手机上可以投屏;连到电脑上就没有信号输入;没懂;你以前是能的？;typec要输出得全功能typec;你是拿显示器上的hdmi口插了一根hdmi;to;c的线插笔记本？;想问一下我电脑现在;蓝牙鼠标连不上;显示驱动程序错误;但是蓝牙耳机之类都正常;已经重装驱动重启了还是不行怎么办、;[图片];@[IT侠]水龙;以前是可以的;插的同一个口？;就用HDMI转typec扩展坞;是typec转hdmi吧;对;拓展坞上有其他口吗;其他口插电脑能用吗;能用啊;@[IT侠]水龙;*拓展坞上其他口插个东西;再插电脑能识别到吗;用这个扩展坞插手机上都能投屏;能识别到;那更新下显卡驱动啥的;或者打开显示设置之类的看看有没有识别到屏幕;没有识别到屏幕;显卡驱动更新下吧;不管是核显还是独显;天真加入本群。
请问有人知道QQ登录不上去，显示消息文件打开失败是怎么回事吗,2023-11-30;0:33:27;系统消息(10000);;管理员[IT侠]及时备份数据，善用搜索引擎撤回了一条成员消息;2023-11-30;0:33:34;系统消息(10000);;管理员[IT侠]及时备份数据，善用搜索引擎撤回了一条成员消息;2023-11-30;0:33:36;系统消息(10000);;管理员[IT侠]及时备份数据，善用搜索引擎撤回了一条成员消息;2023-11-30;0:33:38;系统消息(10000);;管理员[IT侠]及时备份数据，善用搜索引擎撤回了一条成员消息;2023-11-30;0:33:40;系统消息(10000);;管理员[IT侠]及时备份数据，善用搜索引擎撤回了一条成员消息;2023-11-30;1:03:21;[IT侠]及时备份数据，善用搜索引擎(3387257974);;抱歉，无关信息;话说仙林IT侠大活那儿有电钻吗？;装的台式机，在家用电钻螺丝拧太紧了。现在考虑加内存条发现自己拧不动机箱螺丝了。[表情][表情];有的;好的，多谢
请问学校哪里有VGA线卖吗[表情],或者可以DVI接HDMI的[表情];这种网上都有卖的;jd买明早到了;好的;京东自营买;现在买明天肯定到;雪糕长不高加入本群。;[图片]
请问这种情况应该怎么解决呀[表情],笔记本自带的摄像头吗？;我记得hp有的笔记本有物理开关;官网重新下个驱动看看;以及看看有没有物理开关;关上就可以物理断开摄像头;或者也不是物理开关;是fn+某些键的组合键;@[it侠]金文泽;查了下;是的;好的谢谢~[表情]我再去试试;With;an;orchid加入本群。;求问，我电脑今天莫名很卡，然后我刚才重启，他现在转圈圈好久了怎么办[表情][图片];一般来说，CPU占用多少比较正常？;取决于您的cpu性能和您正在运行的程序
请问这种情况该怎么解决[表情],就算吃满也没啥不正常的;[图片];墙上的插口里面没网线吧，你看看你墙上有几个以太网插口，有的宿舍可能有两个，其中一个没用的
求助一下IT侠，请问有了解南京有哪家靠谱的数据恢复公司吗？,这头像像是某位喜欢指针分析的老师;[图片];还真是;[图片];☆加入本群。;[图片];[图片];如果是手动删除的话可能有机会找回来;我之前rm;-rf了一个目录去网上搜，有恢复方法。但是我看不懂就懒得做了;最好还是给专业的人做;但是我不知道靠谱的;因为我的数据不值钱;有些厂家（比如三星）是提供数据恢复服务的;好的，多谢（是Mac;https://www.yuque.com/itxia/help/ycyhqk?singleDoc#《数据恢复软件：Recuva》;不值钱的数据可以用这个（;Mac还是天才吧吧
请问IT侠可以换手机屏幕总成吗,不行;现在的手机拆起来都很困难了，建议去官方售后吧;学校里面有店可以换吗，是个旧手机[表情];新手机直接售后，旧手机……也许珠江路？至少省事（）;好奇一下啥手机啊;@In'Maldrerah;Eyllisitryaitore;@In'Maldrerah;Eyllisitryaitore;仙林这边有吗;有同学遇到过这种情况吗，一直卡在这里。;重启、重装、开加速器和挂梯子都行不通;[图片]
请问win10 系统下使用vs2022时，一打开界面就显示这个，应该如何解决？,[图片];系统出现错误代码0×80004005;请大佬赐教？;（我的关注点：用户名原来还能叫“1”的吗;这是个啥，弹窗吗;用那个frame;codw和error;code去必应搜下呗
请问可以给电脑拆机换电池吗,可以的;预约吧;好滴谢谢;不过我们没有电池;要自己准备;嗯嗯;想问一下，笔记本屏幕突然变得亮度低到看不见可能是什么原因;[图片];电源插好了;背光寄了[表情];啊这;拆修？;先手动调亮度看看能不能调起来;调不起来;不会是暗影精灵吧）;戴尔的老本子;要是背光寄了，外接显示器应该就可以正常使用了吧;是
请问这种情况怎么解决呢,用户名是什么;@[IT侠]提醒关代理小助手;@[IT侠]提醒关代理小助手;指的是哪个;看看C:\用户\;[图片];用户名是那个suaena;https://www.abackup.com/easybackup-tutorials/unable-load-user-profile.html;先试一下方法2吧;重要数据先备份，注意都用复制，别把原来的那个用户文件夹删了;好;我觉得可以先试一下4和5（;尤其是4那个属于是万金油，碰上啥系统问题都可以试试）;虽然不一定管）;能连上wifi，但是打不开p.nju.edu.cn。
有时突然可以连上Internet，但在电脑没有任何操作的情况下，5分钟左右就会断连。请问有什么可能的解决方法[表情],[图片];[图片];重启电脑，重启网络适配器，刷新dns都试过了;断联前的视频实况;白泽加入本群。;;2023-12-04;19:47:54;【小白】♚<peijiao1314520@qq.com>
屏幕坏了想自己买个屏幕，但不敢自己换，请问学校里有专业的帮换的吗,可以换的，预约就行;;2023-12-04;19:49:15;【小白】♚<peijiao1314520@qq.com>
请问在哪里预约呀 没有约过,itxia.club;2023-12-04;22:46:24;♚<peijiao1314520@qq.com>;[图片];;2023-12-04;22:47:04;♚<peijiao1314520@qq.com>
请问这样是要买个屏幕和b壳吗,2023-12-04;22:52:01;412前台小妹(948001371);;预约了吗？预约了的话等过来看看再决定买什么吧;jrm想问下蓝牙键盘能清灰吗有几个键按着稍微卡顿，能看见里面有东西但扣不出来;[IT侠]及时备份数据，善用搜索引擎撤回了一条消息;[IT侠]及时备份数据，善用搜索引擎撤回了一条消息;键帽轴体能拔下来吗;@Augenstern;@Augenstern;得看下是什么键盘（（;能搞下来就好办;罗技那款K380;自己不敢拆，没试过;和笔记本键盘一个结构的，很容易拆坏;好的，谢谢;K380也不值钱啊;想请教一下，电脑突然充不上电了是什么原因呀，插着电一直显示1%，拔掉电源立马关机[表情][表情];电池坏了吧（大概;先控制变量一下（换个充电器试试;好的，谢谢同学，我先换个充电器试一下;想问一下为什么以及如何解决呢[表情];是不是限制最大线程数了
请问在哪看有没有被限制[表情],软件内部限制;跑满cpu挺简单的;几十行就能搞定;是改变进程的优先级吗;可以先用其他软件;比如cinebench这种;看一下能不能跑满;okok;[图片];2023-12-09;9:19:47;【小白】千旭(1494598480);
请问IT侠工作室现在开了吗？,2023-12-09;9:22:00;【小白】412前台小妹(948001371);
还没有开 请问有什么事吗？,2023-12-09;9:22:27;【小白】千旭(1494598480);
请问什么时候开？,2023-12-09;9:23:03;【小白】412前台小妹(948001371);;一般都是中午开门;要看大家什么时候有空过去;2023-12-09;9:23:28;【小白】412前台小妹(948001371);;具体是什么事呢;着急的话可以叫人;2023-12-09;9:24:28;【小白】千旭(1494598480);;我昨天晚上的电脑还在那里[表情][表情];2023-12-09;9:25:51;【小白】412前台小妹(948001371);;诶;知道了;我看看;不好意思;2023-12-09;9:29:11;【小白】千旭(1494598480);;没事儿没事儿，我是问一下什么时候开，开了我就过去[表情][表情];@千旭;过来吧;好的
请问想帮忙拆下电脑电池需要预约吗？还是工作时间直接过去就行？,预约;好的;[图片]
请问电脑充了一下午的电还是这样是电池坏了吗？,也有可能是线的问题;还有电源适配器;你试试电脑的typec口能充上不;好的，谢谢！;2023-12-10;1:47:44;系统消息(1000000);;山火加入本群。
请问戴尔G15的键帽怎么拆？几天前洒了可乐，手感黏糊糊的。,笔记本键帽拆了就不一定能装回去了;那可糟了;高岸加入本群。;请教群内大佬，固态移动硬盘怎么选啊，1tb现在大概是什么价位;不是很了解存储这边的行情[表情];500左右吧;看你需求;d4还是d5;确定是默频？;d5;微星的板子？
请问有什么简便的方法可以阻止win10对声卡驱动的自动更新么,关闭自动更新;更新声卡驱动出问题了么;但是好像暂停自动更新只能暂停一段有限的时间;@张致远（小白）;@张致远（小白）;好久以前就有问题了，耳机只有第一次插上去能识别拔下来再插就识别不到了;@1栋;@1栋;选荣耀;最近给他装了个老版本的驱动解决了;想永久禁止更新的话就只能修改注册表了;确实我找到的是一些修改组策略的方法[表情];好吧;@界鳥;SAKAITORI;组策略就算比较“安全”的了吧，相比于直接改注册表（@界鳥;SAKAITORI;@NXQSZ;@NXQSZ;重启过了吗）;蓝牙出问题了，咋解决[图片];@C8H17OH;@C8H17OH;谢谢大家，已经解决了。重装了系统就好了;我先重启试试;ok了，撤退
请问有同学有备用电脑或者最近不用电脑吗，电脑送去维修了，这两天要用[表情],重装系统的过程中电脑经常画面卡死不动，也不蓝屏，就鼠标键盘无效;前一阵子为了用copilot从win10升级到了win11，两个系统使用期家都没有卡死的状况。后来觉得11不好用，用ventoy;U盘启动盘重新安装win10，结果安装的时候就卡死，后来好不容易安装好了，进去系统之后也经常卡死。;@。;已借到;试了安装在别的盘，和安装别的版本的系统，都还是会卡死;哪位侠可以给个解决思路;显卡也试过了独显和集成，都还是会卡死;Copilit;需要升级到win11吗;不能用吧，直接卸载了;可以用，需要开全局的代理;copilot我自己用不需要开代理;copilot不是直接能用？;没用过，别骂了;[图片];建议你们先区分一下是vscode的插件的那个copilot还是edge上的那个……;已经可以直接用了吗？;vscode上的不用win11啊;麦田颠倒电台加入本群。;说的是不是这个;[图片];我还以为是edge上的那个;@NeoTheHero;我指的是new;bing，改名称copilot了;win11把new;bing集成到了系统里，不用在edge;那个确实得代理才能用，裸连不行;而且开了还会打断壁纸引擎🤬;@[IT侠]水龙;@[IT侠]水龙;微软起名部
请问it侠目前是暂停维修电脑了吗？仙林有没有其它可以修电脑的地方[表情],目前填单不一定有人接;你这边是什么问题呢;电脑没法开机了;现在有空吗;有的;有空的话约一单直接来工作室吧，现在有人的;啊好的感谢
请问工作室是敬文活动中心412吗,是的;好的谢谢
请问有工作人员现在在大活412吗? 我周三下午可能遗落了一支ipad pro的触控笔在412内，位置可能在进门前方白板下方的小桌或进门左侧桌上，可以麻烦帮我看一下嘛,[图片];现在大概没人;我吃完饭可以去看一下
请问一下戴尔 灵越15pro，电脑好像是外壳坏了，这个能修吗[表情][表情][表情],或许可以;预约吧;但是现在大家复习备考;缓接单哦;转轴底座脱落;大概能修
好的好的感谢，那请问目前还能小心地开机使用吗[表情][表情],可以的，但是屏幕容易碎掉。;今晚方便就约了今晚来吧;好的好的;太感谢了[表情][表情];大概八点多去可以吗[表情];可以的;[图片];@辇道增七;我没看到;过来找找吧;哦;好的;就是问一下;这两个地方没有应该就没丢在那里;呃;这也不好说;这里挺乱的;我晚上回去看一下;[图片];采样率怎么样改成44100呢;硬件支持吗;不确定哎;设置里没有很可能就是不支持吗;没有的话有可能不支持。也可能硬件支持但驱动没装对（概率不大）;ylrc;预约了但没侠接单
请问现在有侠在工作室吗？,事比较急，工作电脑崩了，急着用;@侠;最近复习备考;缓接单请见谅;已经帮催;一个是不一定有人有空，一个是有人有空也不一定能解决，不好意思，可能还是得随缘;[图片];谢谢，有侠联系我了;电脑输入法有时会自动变成ENG是怎么回事啊？按网上所说的把语言重下载后再删除能好一会，过一段时间又会跳回去。[表情];win+space
请问C盤文件丟失是怎麼回事呀,@便宜出点带灯的风扇;@便宜出点带灯的风扇;呃呃，谢谢了！不过我的意思是如何不让它自动变成ENG或者怎么彻底删掉ENG啊？;把英文语言包删掉;@°;有一次开机之后桌面清空了;當時在C盤裡面還能找到桌面的文件;第二次開機之後就徹底丟失了;@张致远（小白）;@张致远（小白）;删掉之后还有[图片];即使下别的语言包ENG的也会自动出现。;这个问题我也想问
请问电脑总是连不上校园网可能是什么原因？也没有欠网费,群置顶公告有个链接;先看看;@芝兰秀发;@芝兰秀发;谷歌拼音輸入法還可以;沒廣告，輕量級;@新一仔;@新一仔;谢谢！;微软拼音挺好用的;[图片];[图片]
请问有人知道这是什么情况吗，我直接点击文件管理器、我的电脑和回收站什么的都打不开报错,但是浏览器什么都能正常打开;[图片];[图片];注册表和账户控制都没问题;[图片];但是我windR点这个浏览就能出来管理器;键脱落了安不上去怎么办呢[表情];[图片];用力;[图片];很用力了哈哈但是不行;看了一下有没有摆折了;这个掉了大概率是装不回去的;里面有个蝴蝶卡扣的结构;非常容易断了;断了就没法按回去了;[图片];是你自己掰下来的还是自然掉落的;自然掉落的;应该是快进键用多了;脱落下来了;自然掉落也可能是断了;这个好像如果维修的话整个键盘要一起换;自己掰的肯定死刑了;自然掉落可能还有救;好的;你可以去b站搜搜相关视频看看他这个结构啥的;看看到底断没断;没断也很难弄回去;反正断了的话确实只能整面键盘换了;[图片];整面键盘换通常又意味着整个C面换;用个胶带粘着凑活用，我之前这么干的;[图片];或者外接键盘;我也准备用胶带了;这个键问题不大;在保可以问问售后;@牧羊人;@牧羊人;win+R输入explorer能打开吗;你最近做什么可能破坏系统文件的操作了吗（;感觉最快的解决办法可能是直接重装）;好像不行;找到了我的管理员账户没了，现在的账户没有权限;但是我把我的账户停用了现在登不进电脑了;草）;这个账户停用了之后可以安全模式或者bios给他恢复吗;什么版本的Windows;不太懂，XP时代听说是有默认自带且隐藏的Administrator账户，Win10之后我都是用微软在线账户登录;win10;之前登陆都是管理员账户进去的，今天突然变成我自己的了没有权限了;管理员账户找了一下也没了;都不是在线账户是吧;应该不是;我现在在用第三方软件试一下把他权限解开;电脑里有没有备份的重要数据吗？;@牧羊人;要不约一单吧晚上来看;还没有备份;我先看看，不行的话我就约一下;有条件的话先备份数据;WeAreNewJeans加入本群。
请问哪位同学有联想135W方口方针的充电器可以借我用用的[表情],我的充电器坏了;淘宝买了但得后天才能到;京东现在买明天上午就能到（;自营的;哦哦好！;谢谢;记住是带自营红标的;不是什么旗舰店;是自营店;[图片];这个可以不;你要不搜一下你的电脑牌子的自营旗舰店;那里面应该有;我的拯救者就有直接卖充电器的;@WeAreNewJeans;@WeAreNewJeans;另外可以试试;pd;快充应急;好的好的;刚刚下单了;谢谢大家;群里有人试过电脑账户被禁用了无法登录电脑然后做一个启动U盘给他激活吗;直接预约吧;晚上社员有空;我是台式机，只需要带机箱就好吗;是的;显示器不需要带吧;不用;有显示器;先预约再看;好的好的谢谢;好了，我发起预约了，但是我是台式机组装的型号不好确定;等社员联系吧;@WeAreNewJeans;https://item.m.jd.com/product/100019256577.html;[图片]
请问新买的电脑壳把散热口盖住了一部分影响吗,看你怎么理解影响了;肯定是会部分影响散热的;生产笔记本的公司可能为了减一点点厚度和质量都花了很大研发成本，没必要套个壳;哈哈哈;好的好的;主要是怕摔到角[表情][表情][表情];新机刚到手爱惜也正常;[图片];套上轻度使用估计也没啥影响;佬们，Arch;Linux死机，强制关机了。现在nvme系统盘好像识别不到了，开机进的另一块装了win的盘，想保数据，要咋办呀;也许只是引导坏了？（不太懂，仅供参考
请问手机后置摄像头有一个出现裂纹，附近有没有推荐的店铺去修的,问就是官方售后;是自己摔坏的，不在保了;不在保也建议去官方售后;至少官方售后一般明码标价;ok，主要是担心没钱换;或许你可以先下个对应品牌的售后服务app之类的看看;好的;至少华为是会写明所有备件价格的;是把图灵毒死的那个东西）;听说那玩意换配件很贵;所以我之前屏漏液都没去苹果官方售后，换了非官方的屏幕;2024-01-05;23:24:22;马格利酒<fzmxx20090314@163.com>;最近确实蓝屏挺频繁的，故障原因都是memory;management;可能频率升高了？体质不行出问题了;;2024-01-05;23:25:01;马格利酒<fzmxx20090314@163.com>;我没超过频，从买来到现在一直默认频率和时序使用，很奇怪;;2024-01-05;23:25:01;nendd(1143375493);;固定在低频试试呢;频率高了断电电压不够？;在保就售后问问;借一个内存交叉测试下，一般不会两个同时出问题;[图片];我想问一下这个怎么办;你不如先说说你在干什么（;雾电脑打开就不能用了，不知道干了什么;我还重启了几次结果没啥用;“不能用了”是指连不上网了吗;对;你正常连网是怎么连的，你是在学校里还是;就连的校园网;百度了一下，像是本机上的软件用的端口;可能和本机上跑的服务器，或者一些起服务器的软件（PyCharm等），或者梯子有关;另外可以参考置顶群公告排查一下;说实话我把梯子软件打开就好了;可能那个软件占用了什么东西吧;因为你的软件修改了系统代理;让你所有浏览器流量都走代理;所以软件关了上不了网;找一下软件里关闭/开启系统代理的选项;嗯，非常感谢
请问一下笔记本没装电池用电源线插着断了两次电之后就充不进电了，是适配器坏了嘛，装上电池后还能开机，就是充不进电，电源适配器一开始有电流滋滋声,2024-01-07;0:45:24;2753195823(2753195823);;不好说🫤;2024-01-07;0:58:15;【小白】新一仔(786073021);;@chapter05;把梯子關了再關機，我以前是這樣解決的;2024-01-07;1:02:19;【小白】Sowa;Minerwy(948001371);;虽然这确实是大家常见的问题;但是注意群规哦;2024-01-07;1:05:33;【小白】新一仔(786073021);;好咧;第一眼以为是在回答这个问题（;[图片];@向人民投降;@向人民投降;控制变量：换根充电线试试;okok;多谢;[图片]
请问电脑程序最小化后都是变成黑块是怎么回事,什么版本的Windows;另外你这是用了什么桌面软件么（关上它试试？;装的美化包，关不掉;是美化包的问题吗;@C8H17OH;@C8H17OH;win11;@心雨想哭;@心雨想哭;个人直觉有一定的可能性但也不一定（废话;美化包是啥，难道是装机镜像自带的？;另外其实应该先问的：重启explorer或者重启电脑能解决吗（重启能解决就不是问题（（;重启不能解决;是这样的（指着自己ID）;@心雨想哭;@心雨想哭;卸载美化包试试呢？;我关掉了大部分的组件;好像就可以了;可能是有兼容性bug，或者太吃资源把系统UI卡死了;似乎是系统主题的问题;[图片];把主题切换回默认就没问题了
请问固态的散热片不粘了咋办，上次拆后盖发现歪了，是不是应该揭下来,笔记本风扇异响;[图片];现在it侠还有人接嘛;可以有;感谢感谢，我预约看看;[图片]
请问为什么我得不到ipv4了,p认证的网页也上不去;https://www.yuque.com/itxia/help/nju_wlan_qa_pro_plus_max_ultra;感谢;wifi正常，但是有线网换了个网口还是拿不到ipv4;奇怪;v4的dns和dhcp啥的看一下对不对;我看看;2024-01-09;0:01:20;【小白】不想起名(3100439639);;连上了;2024-01-09;0:01:21;【小白】不想起名(3100439639);;感谢;2024-01-09;0:01:36;【小白】不想起名(3100439639);;确实是dhcp的问题;2024-01-09;0:01:55;【小白】不想起名(3100439639);;我没开自动获取ip;2024-01-09;0:02:33;【小白】不想起名(3100439639);;[图片];台式机最近运行有点卡顿
请问是啥问题,"这就像是在问身体不舒服是啥问题;[图片];问就是该换了;@便宜出点带灯的风扇;懂了，该给机器补补阳气了;人参泡硅脂;这个问题缺乏有用的信息，是一直卡顿，还是打开什么程序、做了什么操作的时候卡顿；卡顿的具体表现是什么，是响应慢，还是屏幕卡死一会好一会；有没有观察下卡顿时常见资源的使用情况，cpu,;内存。什么信息都没有只能建议换电脑了。;想问问it侠寒假前还会开放线下维修嘛?我想更换一下风扇和电池;[图片];如果你已经买好配件可以现在预约然后来工作室，我这两天还在学校;如果不知道购买什么型号的配件也可以来工作室确认下;我买好配件了;不过得晚上才能去orz;没问题;那约一单备注晚上有空的时间就行;坏了我没写就预约了（麻烦您区分一下）;[图片];@辇道增七;回复区回复一下就好;求助一下！电脑蓝屏了，终止代码是CRITIACL;PROCESS;DIED。电脑蓝屏前没有特别的征兆。重启后风扇会反复开启又关闭（持续时间很短，伴有微弱电流声，这个平时也会）。暑假期间发生过反复蓝屏（蓝屏间隔时间逐渐缩短最后开不了机，终止代码忘记了），换过硬盘重装电脑后正常使用。但是现在又出现了蓝屏现象，这是刚才的dump文件。请求各位大佬帮帮忙看看是什么原因，如何处理呢？;[图片][图片];我怀疑是驱动问题;重装系统试试（;G，这会儿直接黑屏了，开机能听见风扇响儿但是屏幕黑的。;还没来得及重装呢;[表情];@kiwis;share一下这个，今天自己尝试了一下，拆机把各个地方都怼紧了一遍，屏幕亮度恢复正常了。应该就是接触不良。;一个是金士顿DT100G3，另一个是街边买的不知啥牌子;分区格式是什么;[图片]默认是ntfs的话macos识别不了;苹果电脑装的windows系统呢;哪一年的mac;啊这;@Aurora;@Aurora;报什么问题;emmm;要不先看看是不是接口的问题;[图片];哪一年的mac;2018的;驱动安装好了吗;可以右键开始按钮选择设备管理器;看看有没有感叹号;u盘本身有没有问题;[图片];确实有个感叹号;@nend;@nend;应该没有，在打印店的电脑上是好使的;@Aurora;@Aurora;双击看看报错;[图片];诶U盘这种一般不是自己会带驱动么）;先多问一句，是Intel芯片的Mac吧）;点“更新驱动程序”试试，不行的话…去金士顿官网找找？（我没遇到过U盘的驱动问题，不清楚有没有;好的，谢谢大家[表情];[图片];电脑出现这种问题的话，需要怎么办呀;先试着重启;如果经常遇到，把c:\windows\minidump下面的文件发群里;怎么重启呀;一直摁住电源键强制关机;好的，谢谢;好像如果有程序没有关的情况下直接合上电脑再打开就容易遇到这个问题"
uu们，请问电脑使用过程中突然黑屏是什么出了问题呀[表情],现在好像是充电也充不进去，电脑刚刚在使用时是有电的;电池坏了？;不知道哎，是电池有电的时候突然黑屏了;你现在能用吗;不会是主板之类的烧了吧（;用不了[表情];刚刚淘宝问了一下，估计是硬件问题;直奔维修吧;在保的话去官方维修;不在保了[表情];除了1栋那个电脑店还有哪里比较靠谱呀;1栋那个好像很坑;IT侠还有同学留校吗）;似乎还有一些？可以预约试试;刚刚申请加入频道，还没通过[表情];没事;看本群公告预约吧;好的，谢谢！;[图片];2024-01-23;9:57:10;【小白】晓梦初残(1170361450);;想问一手，联想拯救者y7000，键盘进水导致键位失灵送去维修大概需要多少[表情];自己搞小几百;官方搞大几百到一千左右;前提是主板没出问题
大家晚上好！想问一下笔记本的键盘轴坏掉了，一栋电脑医院的维修师傅说要换个c壳。我查了某宝的这款c壳大约250～300r(电脑型号:微星gp63)，维修师傅说包括维修费在里面一共480r，请问下大家这个价格合理嘛,[图片]显卡的问题或许可以参照这个;换c壳+人工费+可能存在的后续问题;我觉得不算太贵吧;好的好的，感谢解答！;另外换c壳it侠这边有能力解决，但是不知道现在还有没有留校的同学了;@上善若水;重新拔插;注意供电插紧;然后机箱横着开机试试;[图片];这种情况怎么处理啊，感觉机箱或者显卡设计有问题;[表情]插不进去;机箱设计有问题;开锯;或者说有没有其他pcie槽;什么板子？;可是我一开始连接上又不行了;华硕吹雪b760;就一条啊;你这个感觉是显示接口插不紧的原因;上面那个框架有没有可能卸下来;可是我倒是进去过几分钟;一直没问题;就是挑了个东西;重启就不行了;我看看能不能拆一下;调了什么;@上善若水;你这个接口碰一下就掉了;啥时候不亮都有可能;我买了个系统u盘;装u盘的时候重启了一下;@一辈子的快乐;@一辈子的快乐;it侠免费，现在学校里有人;*物料需要自行购买;好的好的，太感谢二位啦，我尽快去预约;2024-01-25;19:09:49;【小白】[IT侠]香菜(2783747909);;@Nicholas;@Nicholas;是需要更换屏幕吗？;2024-01-25;19:10:22;【小白】[IT侠]香菜(2783747909);;工作室可以换;哦不;Mac;book不可以;[图片];抱歉;去售后吧;2024-01-25;19:18:23;前轱辘不转后轱辘转思密达(1832783120);;第三方店我们也不熟，没法给出建议;2024-01-27;11:07:38;系统消息(1000000);;Finito*加入本群。
请问一下笔记本屏幕坏了IT侠可以修吗,可能能换;[图片];就是这个右下角大概是被压到了;应该可以;这个是要重新买一个屏幕吗;是的，记得看清楚型号;开学了预约可以吗;可以;不过你就需要这样一个寒假了;没关系，现在不急着用;你或许可以看看能不能设置屏幕分辨率为4:3;然后禁止缩放;谢谢IT侠们[表情];你现在下单年前就能换好;不出意外的话;@[IT侠]水龙;比率为4:3;那他也得人在学校（;早回了（;@橘砸不中明;@橘砸不中明;[图片];你可以在设置->系统->显示这里;把分辨率改成4:3这种比率的;这样两侧就是黑边不显示了;好的好的，谢谢您
请问easyconnect太卡了，有什么解决办法吗,不用（）;或者可以把这东西装虚拟机里;然后设置只让必须的流量从这走;好的，谢谢;2024-01-31;10:51:18;【学徒】nend(1143375493);;Error:;ipv4:;FIB;table;does;not;exist.;容器启动的时候最开始会报这个错误，但是没找到解决方案，感觉可能对后续有影响;[表情];2024-01-31;10:52:44;【小白】【IT侠】撒比~警惕旧电脑升级Win11<sakiyary19@qq.com>;我真不好说;2024-01-31;10:53:30;【小白】【IT侠】撒比~警惕旧电脑升级Win11<sakiyary19@qq.com>;前两天有个这个评论也可以试试;2024-01-31;10:54:52;【学徒】nend(1143375493);;好的，谢谢;那手机是不是会全部走代理;是的吧;[表情]，好的谢谢;[表情]所以这个方法不能用了嘛;还是说只是mac;虽然他报错了，但是好像可以用，我再研究下;搞错了，还是不行;2024-01-31;11:47:23;【小白】【IT侠】撒比~警惕旧电脑升级Win11<sakiyary19@qq.com>;群友有空的试试;我把自己电脑上的clash关了，好像就好了;[表情];这不能一起用吗;不能;2024-01-31;12:21:36;【小白】【IT侠】撒比~警惕旧电脑升级Win11<sakiyary19@qq.com>;我没想到是这种不能说的原因;我现在把clash先退了，然后把easyconnect启动起来，然后把clash重新启动起来，好像可以一起用？;2024-01-31;12:22:59;【小白】【IT侠】撒比~警惕旧电脑升级Win11<sakiyary19@qq.com>;导致easyconn起不来;ok，谢谢各位大佬;置顶群公告.jpg;硬盘出现只读现象;具体表现为每次新写入的内容重启后都会消失;系统为win10;品牌为京造;建议大家避雷;试试关闭快速启动;我从不开的;看看smart数据，排除一下问题;现在没时间弄了;另外怀疑是京东把我买的致态调换了（没买过京造这个牌子;）;总之大家避个雷吧;diskgenius截个图;@Julius;记错了好像是从朋友手上拿的;有这品牌的能扔多远是多远吧;要是坏了还好我云端有同步;结果这玩意重启后直接跳回上周的文件版本还把云端得带坏了;我论文全得重写;没smart很难说;smart一切正常;就是通电数不对劲只有35;但考虑到我很少关机这个数也有可能是正确的;你说的这一批盘我应该也有一块;这批盘都寄了;还是水群少了;不然不至于遭这罪;本来都快投了;文件版本回退是重启后才会发生吗;这是什么原理;你想知道可以拿去实验一下;我正在补天;@Julius;@Julius;我买过不少京造的低附加值产品（比如普通充电器，沙琪玛，…），都没啥问题;应该是个京东旗下的贴牌品牌;但硬盘这种高附加值的我估计不敢买京造这种贴牌;当时看主控和存储芯片都挺靠谱;感觉是不是主控寄了（）;不知道，但是那一批全寄了;似乎是缓存的问题;@Julius;@Julius;用box同步的话，box有历史的;2024-02-01;0:00:21;Julius(2032740872);;[图片];2024-02-01;0:00:22;Julius(2032740872);;不是;我记得这是不能碰的滑梯;苹果手机坏了，主板好像通不了电了，怎么把硬盘的数据拿出来啊？不打算修了[表情];用bga焊台把CPU和闪存搬到新主板上开机;难度极高;好好好;那还是修吧;苹果应该有icloud同步吧;照片太多了，iCloud我也没买空间，就默认的5g;找官方问问先;apple;store问一圈;2024-02-01;21:58:40;【IT侠】遇事不决请长按电源30秒<lw_ise@qq.com>;具体来说就是，打开文件夹或者设置栏以后，屏幕会自动刷新，并且本来要打开的文件夹和任务管理器之类的窗口会自动关闭;@遇事不决请长按电源30秒;不会是什么Windows的隐藏bug吧（@遇事不决请长按电源30秒;2024-02-01;23:12:59;【IT侠】遇事不决请长按电源30秒<lw_ise@qq.com>;卸载了wps问题就消失了[表情]垃圾软件毁我一个小时;草;大草;说到WPS，前两天我们组（产品是一个Office插件）的运营接到客诉，问题是啥我忘了，反正看到用户发来的截图之后大家集体震惊：用户在WPS上装上了我们的插件，而我们根本就没做WPS支持（;2024-02-01;23:17:38;【IT侠】遇事不决请长按电源30秒<lw_ise@qq.com>;你们的接口直接被wps拿过去用，无缝衔接了？;不知道为啥，用户的WPS看起来是比较老的版本，我怀疑是当时WPS可以直接读取并加载Office的插件（（;2024-02-01;23:19:40;【IT侠】遇事不决请长按电源30秒<lw_ise@qq.com>;哈哈哈哈;关键是本来我们就是对标WPS做的，属于是意外攻入敌方领地了（（（;edge用Chrome的插件倒不意外;关键是还不是Edge从Chrome应用商店下载安装插件，而是Edge直接加载了装在本机Chrome里的插件）;（也许，毕竟我们也不清楚用户究竟是怎么操作的
请问一下如果想要使用学校的windows并激活，可以去微软下载windows镜像然后使用kms激活吗,可以看一下itsc.nju.edu.cn-正版软件;里面的介绍;即使可以感觉也没必要…？;ok;2024-02-25;13:29:39;【小白】【IT侠】撒比~警惕旧电脑升级Win11<sakiyary19@qq.com>;记不清了，我搜搜看;2024-02-25;13:32:13;【小白】yosemitee(56382507);;2024-02-25;13:33:10;【小白】【IT侠】撒比~警惕旧电脑升级Win11<sakiyary19@qq.com>;这个笔记本坑就是很多的;疯掉了;现在能约么;2024-02-25;13:39:19;【小白】yosemitee(56382507);;我试试;想问一下，现在TWS如果就听个响的话大概要多少预算？不要求降噪，主要要求是佩戴舒服和续航稍微长点，响应时间的话也不太看重（因为退手游了）;顺便蹲个款式推荐，手机刷了类原生所以不需要考虑品牌适配（瘫）;听个响;你就正经牌子最便宜的就行;漫步者？;听个响佩戴舒服可以试试半入耳吧;合理的;@gargantua;@gargantua;半入耳不知道会不会容易掉（;之前用过有线的半入耳，感觉容易掉......;应该不会吧，我用的AirPods3也是半入耳感觉很好;不戴着运动就还好;运动的基本有专业的;日常走路肯定都不会有问题;会有散步快走的使用场景来着;那不至于的;谢了，淘宝看了一圈，选了个入眼的（什）;回归买电子产品的本质：看着舒服;（乐）;小米Air2（来晚了一步;看看你的空间是不是满了;看看你的网是不是断了;空间没满;网是正常的;第一次用学校的OneDrive;我的笔记本是单个硬盘位，买了块新固态加一个硬盘盒，怎么迁移数据到新硬盘最方便？网上有说傲梅直接克隆的，不知道靠不靠谱，求个教程指路;diskgenius;在pe系统内用diskgenius的系统迁移功能;问问开机出现cmos验证错误是什么问题;把系统迁移到新固态上面然后直接换上去就可以用了;@时光机;无视就行;一般不影响@时光机;一般出现的原因是主板cmos放电导致设置重置;那好吧;谢谢;@张致远（小白）;其它分区再手动迁移是吧;那我去试试（）;@幻影Hazer;@幻影Hazer;diskgenius也有分区迁移;实际效果跟文件直接拷贝一样;乐，话说盘符有影响吗（）;只影响根据盘符读取文件的功能;没事，我觉得我学费了;@大家好;我暂停同步后又重新同步就好了;@幻影Hazer;靠，我直接用傲梅克隆的，好像成功启动了;[图片];先用一段时间看看有没有问题
请问学校哪里有给平板贴膜的地方吗？现在还开门吗？,找到啦;想请教一下，我把原来c盘的固态硬盘换了一个新的，但是之前d盘的内容没有备份，现在装系统到了这一步之后应该怎么操作才能保存之前d盘的内容呀[表情][表情][表情];到这里不敢动了[图片];@汪德蓝;解决啦[表情];咨询一下，单独接核显，有画面，但是插上显卡之后，不管是HDMI线接在显卡上面还是核显上面，都没有画面;显卡风扇在转;CPU风扇灯正常亮起，键盘灯亮;显卡驱动安装了吗;什么配置;i7;8700k配hd;7970;@前轱辘不转后轱辘转思密达;@前轱辘不转后轱辘转思密达;驱动装了;我没记错的话hd7970是2012年的;差不多;开机之后再更换接口呢;@前轱辘不转后轱辘转思密达;@前轱辘不转后轱辘转思密达;我还没有试过;我看看;换了一张主板发现，同样的问题;引导不明白;老电脑了;咱也不知道当年怎么配的;实在不行格式化了;买个新盘我再试试;……;跟盘没关系;[图片];老系统估计是mbr的;你整个uefi+gpt的上去肯定引导不了;bios里设置也要动的;@[IT侠]水龙;教程在这里;你也可以看看语雀里的其他资料;遇到问题再问;明天去了搞;嗯嗯;2024-03-04;9:50:19;2601008070(2601008070);;cmos放电显示也不亮耶;2024-03-04;9:50:25;2601008070(2601008070);;[表情];2024-03-04;9:50:26;2601008070(2601008070);;寄了;本来就亮啊
抱歉打扰一下大家，请问笔记本键盘坏了，购买替换键盘后，it侠可以帮忙装一下吗？,把你买的替换键盘拍个照或者截图看看;[图片];大概这种，因为我自己换可能有些困难，所以还没有下单;我们可以换的;只要型号一样就行;好的，谢谢！
请问可以借备用电脑吗,预约一下吧;或许有的;是在公众号的预约维修那里预约吗;嗯;直接走群公告的网址也可;都跳转同一个网站;好嘞谢谢！
请问苹果台式机没设置开机密码但重启后突然需要密码怎么解决呀,[表情][表情][表情];1.啥也不输直接回车/确认试试；2.想想是不是设过但是忘了；3.试试其他苹果设备以及App;Store的密码；4.能不能发个截图/照片（;没太用过苹果，但感觉2的可能性不小（;之前碰上过：iPhone上开通地铁卡的时候要求输了一个8位密码，机主以为是在设钱包密码，实际上是在改锁屏密码;@C8H17OH;@C8H17OH;感谢！客服让我重新设置密码了（虽然不是很懂流程qwq）;[图片];学校安装的系统不能更新吗;还是咱上次去安装没激活嘞;安装的学校版本的系统吗？按信息中心的教程激活一下;使得;https://itsc.nju.edu.cn;找【正版软件】
请问下我用图上的线给surface充电时使用键盘的触控板会导致指针漂移，但是手摸着金属后壳手动导电就不会漂移了。插的教室的两孔插座。这可能是什么问题呢?,没接地吧;换三相插头试试;但这个头不是就两孔吗（;抱歉;2024-03-13;12:59:59;前轱辘不转后轱辘转思密达(1832783120);;pd是这样的;2024-03-13;14:36:14;松(799782155);;群内的各位大佬们。我的电脑突然发出很大的异响，是什么问题了？;像这种声音，很大;跟我上次一样，风扇清理一下喷点润滑油就好了;哈哈，好的。我试一下;谢谢了;如果自己不好拆的话也欢迎看群公告预约;@鼓楼群887021867、861863787；苏州群823889299;@鼓楼群887021867、861863787；苏州群823889299;好的，感谢;@鼓楼群887021867、861863787；苏州群823889299;你好，我这个比较着急，我可以直接过去活动中心嘛？[表情][表情][表情];先预约吧;现在过去没啥人;你写你着急;或许晚上能做;好的。我也在网站上预约了，也留言很急了！感谢;咱学校有mathtype吗，网站上找了一下好像没有;22;化学;沈祎杨;想問下固態硬盤可以把D盤的空間分一些給C盤的嗎;可以;[图片];用diskgenius调整;你有文件在分区末尾;windows自带的只支持从后面压缩;我還有98G，想弄50G給C盤，但是壓縮這裡好像只有3.6G？;好滴，我試試diskgenius;我建议你预约一下;让我们处理;因为你的分区很复杂;当心搞出动态分区;就麻烦了;哈哈好的，那我預約，謝謝！;我也不敢亂搞;*你的第二个硬盘已经全是动态分区了;那是我以前搞的還是它自己生成的;我印象中我沒調整過這塊SSD
想请问为什么桌面图标有时候会突然变得特别小呀（变成原来的四分之一），然后重启一下又恢复正常了,[图片]
请问一下鼠标垫脏了该怎么洗，手汗,换个铝制鼠标垫;脏了一擦就好;行吧，这种线织的鼠标垫脏了真的太难看了，还不好弄;重买[表情];确实;@清风慕竹;@清风慕竹;用洗洁精洗刷刷;可以用泡沫海绵去刷;效果还不错;好的，谢谢，这个鼠标垫我还挺喜欢的，实在舍不得丢掉
